,id,sku,name,url_key,url_path,type,author_name,book_cover,brand_name,short_description,price,list_price,badges,badges_new,discount,discount_rate,rating_average,review_count,order_count,favourite_count,thumbnail_url,thumbnail_width,thumbnail_height,freegift_items,has_ebook,inventory_status,is_visible,productset_id,productset_group_name,seller,is_flower,is_gift_card,inventory,url_attendant_input_form,option_color,stock_item,salable_type,seller_product_id,installment_info,url_review,bundle_deal,quantity_sold,video_url,tiki_live,original_price,shippable,impression_info,advertisement,availability,primary_category_path,product_reco_score,seller_id
0,91369845,9259170497103,Kính Xem Phim  3D,kinh-xem-phim-3d-p91369845,kinh-xem-phim-3d-p91369845.html?itm_campaign=tiki-reco_UNK_DT_UNK_UNK_tiki-listing_UNK_p-category-mpid-listing-v1_202306150600_MD_batched_PID.91369847&itm_medium=CPC&itm_source=tiki-reco&spid=91369847,,,,OEM,,84500,0,[],"[{'code': 'delivery_info_badge', 'placement': 'delivery_info', 'text': 'Giao thứ 3, ngày 20/06', 'type': 'delivery_info_badge'}, {'code': 'asa_reward_html_badge', 'placement': 'under_price', 'text': 'Tặng tới 2 ASA (458 ₫)<br/>≈ 0.5% hoàn tiền', 'text_color': '#808089', 'type': 'asa_reward_html'}]",0,0,0,0,0,0,https://salt.tikicdn.com/cache/280x280/ts/product/3c/9a/10/371753f92a90a437a62f4bd45fad8169.jpg,280,280,[],False,,False,3171,,,False,False,,,[],,,91369847,,,False,"{'text': 'Đã bán 6', 'value': 6}",,,84500,True,"[{'impression_id': 'thanos-product-zJSyPRiekZ7eyon3', 'metadata': {'price': 84500, 'rating_average': 0, 'reviews_count': 0, 'seller_product_id': 91369847}, 'checksum': ''}, {'impression_id': 'ebf13e03-7de2-46e3-8781-747c89b24697', 'metadata': {'product_id': 3171, 'service_name': 'reco', 'version': 'p_category_mpid_listing_v1_202306150600'}, 'checksum': ''}]",,1,1/2/1801/28794/28804,0,3366
1,173422519,6040245554570,"Kẹp điện thoại giúp gắn smartphone vào ống nhòm, kính thiên văn",kep-dien-thoai-giup-gan-smartphone-vao-ong-nhom-kinh-thien-van-p173422519,kep-dien-thoai-giup-gan-smartphone-vao-ong-nhom-kinh-thien-van-p173422519.html?itm_campaign=tiki-reco_UNK_DT_UNK_UNK_tiki-listing_UNK_p-category-mpid-listing-v1_202306150600_MD_batched_PID.173422520&itm_medium=CPC&itm_source=tiki-reco&spid=173422520,,,,OEM,,255000,0,[],"[{'code': 'delivery_info_badge', 'placement': 'delivery_info', 'text': 'Giao thứ 6, ngày 23/06', 'type': 'delivery_info_badge'}, {'code': 'asa_reward_html_badge', 'placement': 'under_price', 'text': 'Tặng tới 6 ASA (1k ₫)<br/>≈ 0.5% hoàn tiền', 'text_color': '#808089', 'type': 'asa_reward_html'}]",0,0,0,0,0,0,https://salt.tikicdn.com/cache/280x280/ts/product/3c/39/76/fb55be068cbfa7d064593340cea04ce3.jpg,280,280,[],False,,False,3171,,,False,False,,,[],,,173422520,,,False,"{'text': 'Đã bán 1', 'value': 1}",,,255000,True,"[{'impression_id': 'thanos-product-cWOfExyKUljA6CKC', 'metadata': {'price': 255000, 'rating_average': 0, 'reviews_count': 0, 'seller_product_id': 173422520}, 'checksum': ''}, {'impression_id': 'cdc0e91f-ae10-4a88-ac19-98a0e097e9ee', 'metadata': {'product_id': 3171, 'service_name': 'reco', 'version': 'p_category_mpid_listing_v1_202306150600'}, 'checksum': ''}]",,1,1/2/1801/28794/28804,0,46699
2,34743643,9802478723020,Ống nhòm nhìn đêm Apresys NV340 chính hãng,ong-nhom-nhin-dem-apresys-nv340-chinh-hang-p34743643,ong-nhom-nhin-dem-apresys-nv340-chinh-hang-p34743643.html?itm_campaign=tiki-reco_UNK_DT_UNK_UNK_tiki-listing_UNK_p-category-mpid-listing-v1_202306150600_MD_batched_PID.34743644&itm_medium=CPC&itm_source=tiki-reco&spid=34743644,,,,Apresys,,5900000,0,[],"[{'code': 'delivery_info_badge', 'placement': 'delivery_info', 'text': 'Giao thứ 6, ngày 23/06', 'type': 'delivery_info_badge'}, {'code': 'asa_reward_html_badge', 'placement': 'under_price', 'text': 'Tặng tới 148 ASA (32k ₫)<br/>≈ 0.5% hoàn tiền', 'text_color': '#808089', 'type': 'asa_reward_html'}]",0,0,0,0,0,0,https://salt.tikicdn.com/cache/280x280/ts/product/7b/25/74/38df016f6b5bcec1275a9a92d75495d9.jpg,280,280,[],False,,False,3171,,,False,False,,,[],,,34743644,,,False,,,,5900000,True,"[{'impression_id': 'thanos-product-wGjkowFS8mx4m4CE', 'metadata': {'price': 5900000, 'rating_average': 0, 'reviews_count': 0, 'seller_product_id': 34743644}, 'checksum': ''}, {'impression_id': 'e2e2e023-d428-4748-a1ca-275dcd89c3ef', 'metadata': {'product_id': 3171, 'service_name': 'reco', 'version': 'p_category_mpid_listing_v1_202306150600'}, 'checksum': ''}]",,1,1/2/1801/28794/28804,0,46699
3,173474958,9243918004150,Kính tìm kiếm reddot finder 80eq dành cho kính thiên văn,kinh-tim-kiem-reddot-finder-80eq-danh-cho-kinh-thien-van-p173474958,kinh-tim-kiem-reddot-finder-80eq-danh-cho-kinh-thien-van-p173474958.html?itm_campaign=tiki-reco_UNK_DT_UNK_UNK_tiki-listing_UNK_p-category-mpid-listing-v1_202306150600_MD_batched_PID.173474959&itm_medium=CPC&itm_source=tiki-reco&spid=173474959,,,,OEM,,269000,0,[],"[{'code': 'delivery_info_badge', 'placement': 'delivery_info', 'text': 'Giao thứ 6, ngày 23/06', 'type': 'delivery_info_badge'}, {'code': 'asa_reward_html_badge', 'placement': 'under_price', 'text': 'Tặng tới 7 ASA (1k ₫)<br/>≈ 0.5% hoàn tiền', 'text_color': '#808089', 'type': 'asa_reward_html'}]",0,0,0,0,0,0,https://salt.tikicdn.com/cache/280x280/ts/product/16/20/65/1f3ea5e70d95014e40a500ca17ec2e59.jpg,280,280,[],False,,False,3171,,,False,False,,,[],,,173474959,,,False,,,,269000,True,"[{'impression_id': 'thanos-product-nA1vXMeQVjFb2tYG', 'metadata': {'price': 269000, 'rating_average': 0, 'reviews_count': 0, 'seller_product_id': 173474959}, 'checksum': ''}, {'impression_id': 'dcb74d83-09b3-4c9c-918b-534a026609b5', 'metadata': {'product_id': 3171, 'service_name': 'reco', 'version': 'p_category_mpid_listing_v1_202306150600'}, 'checksum': ''}]",,1,1/2/1801/28794/28804,0,46699
4,173383140,8667348970154,Tấm phim lọc mặt trời 25x25 (1 tấm màu bạc kích thước 25x25cm),tam-phim-loc-mat-troi-25x25-1-tam-mau-bac-kich-thuoc-25x25cm-p173383140,tam-phim-loc-mat-troi-25x25-1-tam-mau-bac-kich-thuoc-25x25cm-p173383140.html?itm_campaign=tiki-reco_UNK_DT_UNK_UNK_tiki-listing_UNK_p-category-mpid-listing-v1_202306150600_MD_batched_PID.173383141&itm_medium=CPC&itm_source=tiki-reco&spid=173383141,,,,OEM,,930000,0,[],"[{'code': 'delivery_info_badge', 'placement': 'delivery_info', 'text': 'Giao thứ 6, ngày 23/06', 'type': 'delivery_info_badge'}, {'code': 'asa_reward_html_badge', 'placement': 'under_price', 'text': 'Tặng tới 23 ASA (5k ₫)<br/>≈ 0.5% hoàn tiền', 'text_color': '#808089', 'type': 'asa_reward_html'}]",0,0,0,0,0,0,https://salt.tikicdn.com/cache/280x280/ts/product/61/a1/2d/008a826e654e2fd3e2eeaf93a4c10541.jpg,280,280,[],False,,False,3171,,,False,False,,,[],,,173383141,,,False,,,,930000,True,"[{'impression_id': 'thanos-product-qtpBkJiE1AQjfq4l', 'metadata': {'price': 930000, 'rating_average': 0, 'reviews_count': 0, 'seller_product_id': 173383141}, 'checksum': ''}, {'impression_id': 'a756ec1c-7a74-4c70-aa1a-d05c7e9eec3e', 'metadata': {'product_id': 3171, 'service_name': 'reco', 'version': 'p_category_mpid_listing_v1_202306150600'}, 'checksum': ''}]",,1,1/2/1801/28794/28804,0,46699
5,173382909,2971727418935,Tấm phim lọc mặt trời kích thước 15x15cm (1 tấm màu bạc),tam-phim-loc-mat-troi-kich-thuoc-15x15cm-1-tam-mau-bac-p173382909,tam-phim-loc-mat-troi-kich-thuoc-15x15cm-1-tam-mau-bac-p173382909.html?itm_campaign=tiki-reco_UNK_DT_UNK_UNK_tiki-listing_UNK_p-category-mpid-listing-v1_202306150600_MD_batched_PID.173382910&itm_medium=CPC&itm_source=tiki-reco&spid=173382910,,,,OEM,,335000,0,[],"[{'code': 'delivery_info_badge', 'placement': 'delivery_info', 'text': 'Giao thứ 6, ngày 23/06', 'type': 'delivery_info_badge'}, {'code': 'asa_reward_html_badge', 'placement': 'under_price', 'text': 'Tặng tới 8 ASA (2k ₫)<br/>≈ 0.5% hoàn tiền', 'text_color': '#808089', 'type': 'asa_reward_html'}]",0,0,0,0,0,0,https://salt.tikicdn.com/cache/280x280/ts/product/b4/b0/16/e40535b3e9cbc6e8b8af54ee338d406c.jpg,280,280,[],False,,False,3171,,,False,False,,,[],,,173382910,,,False,"{'text': 'Đã bán 1', 'value': 1}",,,335000,True,"[{'impression_id': 'thanos-product-GL4zVTphEdPGfBNn', 'metadata': {'price': 335000, 'rating_average': 0, 'reviews_count': 0, 'seller_product_id': 173382910}, 'checksum': ''}, {'impression_id': '7f7ee54f-3540-4296-a7d4-0a270fae5b6a', 'metadata': {'product_id': 3171, 'service_name': 'reco', 'version': 'p_category_mpid_listing_v1_202306150600'}, 'checksum': ''}]",,1,1/2/1801/28794/28804,0,46699
6,173402796,8912019191994,"Thị kính điện tử Angeleyes Wifi (Camera) phù hợp với bất kì kính thiên văn cho thị kính 1,25inch | Hàng chính hãng thương hiệu Mỹ",thi-kinh-dien-tu-angeleyes-wifi-camera-phu-hop-voi-bat-ki-kinh-thien-van-cho-thi-kinh-1-25inch-p173402796,thi-kinh-dien-tu-angeleyes-wifi-camera-phu-hop-voi-bat-ki-kinh-thien-van-cho-thi-kinh-1-25inch-p173402796.html?itm_campaign=tiki-reco_UNK_DT_UNK_UNK_tiki-listing_UNK_p-category-mpid-listing-v1_202306150600_MD_batched_PID.173402797&itm_medium=CPC&itm_source=tiki-reco&spid=173402797,,,,Angeleyes,,2230000,0,[],"[{'code': 'delivery_info_badge', 'placement': 'delivery_info', 'text': 'Giao thứ 6, ngày 23/06', 'type': 'delivery_info_badge'}, {'code': 'asa_reward_html_badge', 'placement': 'under_price', 'text': 'Tặng tới 56 ASA (12k ₫)<br/>≈ 0.5% hoàn tiền', 'text_color': '#808089', 'type': 'asa_reward_html'}]",0,0,0,0,0,0,https://salt.tikicdn.com/cache/280x280/ts/product/90/79/8b/8b534dbc212eadd55ccb29618bf8d057.jpg,280,280,[],False,,False,3171,,,False,False,,,[],,,173402797,,,False,,,,2230000,True,"[{'impression_id': 'thanos-product-VKiVweXxThFA6SG6', 'metadata': {'price': 2230000, 'rating_average': 0, 'reviews_count': 0, 'seller_product_id': 173402797}, 'checksum': ''}, {'impression_id': '16d1628f-4926-484c-a800-1ca1438bf0c4', 'metadata': {'product_id': 3171, 'service_name': 'reco', 'version': 'p_category_mpid_listing_v1_202306150600'}, 'checksum': ''}]",,1,1/2/1801/28794/28804,0,46699
7,173070780,2192958976013,"Thị kính Celestron cho kính thiên văn loại cao cấp, góc rộng tiêu cự 2,3mm | Hàng chính hãng",thi-kinh-celestron-cho-kinh-thien-van-loai-cao-cap-goc-rong-tieu-cu-2-3mm-hang-chinh-hang-p173070780,thi-kinh-celestron-cho-kinh-thien-van-loai-cao-cap-goc-rong-tieu-cu-2-3mm-hang-chinh-hang-p173070780.html?itm_campaign=tiki-reco_UNK_DT_UNK_UNK_tiki-listing_UNK_p-category-mpid-listing-v1_202306150600_MD_batched_PID.173070781&itm_medium=CPC&itm_source=tiki-reco&spid=173070781,,,,Celestron,,3036000,0,[],"[{'code': 'delivery_info_badge', 'placement': 'delivery_info', 'text': 'Giao thứ 6, ngày 23/06', 'type': 'delivery_info_badge'}, {'code': 'asa_reward_html_badge', 'placement': 'under_price', 'text': 'Tặng tới 76 ASA (16k ₫)<br/>≈ 0.5% hoàn tiền', 'text_color': '#808089', 'type': 'asa_reward_html'}]",0,0,0,0,0,0,https://salt.tikicdn.com/cache/280x280/ts/product/95/a1/5f/97fa1b1fd916166fb47010d7c3e4de2e.jpg,280,280,[],False,,False,3171,,,False,False,,,[],,,173070781,,,False,,,,3036000,True,"[{'impression_id': 'thanos-product-3QNvAekcEjxGplhA', 'metadata': {'price': 3036000, 'rating_average': 0, 'reviews_count': 0, 'seller_product_id': 173070781}, 'checksum': ''}, {'impression_id': '9c7a3b81-f41c-43e3-baae-c98b42584ce2', 'metadata': {'product_id': 3171, 'service_name': 'reco', 'version': 'p_category_mpid_listing_v1_202306150600'}, 'checksum': ''}]",,1,1/2/1801/28794/28804,0,46699
8,174011218,3849232081589,"Gương chéo đảo ảnh 1,25 inch 45 độ dành cho kính thiên văn",guong-cheo-dao-anh-1-25-inch-45-do-danh-cho-kinh-thien-van-p174011218,guong-cheo-dao-anh-1-25-inch-45-do-danh-cho-kinh-thien-van-p174011218.html?itm_campaign=tiki-reco_UNK_DT_UNK_UNK_tiki-listing_UNK_p-category-mpid-listing-v1_202306150600_MD_batched_PID.174011219&itm_medium=CPC&itm_source=tiki-reco&spid=174011219,,,,OEM,,680000,0,[],"[{'code': 'delivery_info_badge', 'placement': 'delivery_info', 'text': 'Giao thứ 6, ngày 23/06', 'type': 'delivery_info_badge'}, {'code': 'asa_reward_html_badge', 'placement': 'under_price', 'text': 'Tặng tới 17 ASA (4k ₫)<br/>≈ 0.5% hoàn tiền', 'text_color': '#808089', 'type': 'asa_reward_html'}]",0,0,0,0,0,0,https://salt.tikicdn.com/cache/280x280/ts/product/96/bc/7f/7d1e3f2fc87f8ee856a43d8817b69563.jpg,280,280,[],False,,False,3171,,,False,False,,,[],,,174011219,,,False,,,,680000,True,"[{'impression_id': 'thanos-product-FrYZvVZBXhNxpraq', 'metadata': {'price': 680000, 'rating_average': 0, 'reviews_count': 0, 'seller_product_id': 174011219}, 'checksum': ''}, {'impression_id': 'cbd0a736-a94c-4844-b919-079523fe7c8d', 'metadata': {'product_id': 3171, 'service_name': 'reco', 'version': 'p_category_mpid_listing_v1_202306150600'}, 'checksum': ''}]",,1,1/2/1801/28794/28804,0,46699
9,106738644,9985722401857,Cao cấp. Free phụ kiện. bộ 11 khung kính tặng đinh treo,cao-cap-free-phu-kien-bo-11-khung-kinh-tang-dinh-treo-p106738644,cao-cap-free-phu-kien-bo-11-khung-kinh-tang-dinh-treo-p106738644.html?itm_campaign=tiki-reco_UNK_DT_UNK_UNK_tiki-listing_UNK_p-category-mpid-listing-v1_202306150600_MD_batched_PID.106738652&itm_medium=CPC&itm_source=tiki-reco&spid=106738652,,,,OEM,,158000,0,[],"[{'code': 'delivery_info_badge', 'placement': 'delivery_info', 'text': 'Giao thứ 4, ngày 21/06', 'type': 'delivery_info_badge'}, {'code': 'asa_reward_html_badge', 'placement': 'under_price', 'text': 'Tặng tới 4 ASA (856 ₫)<br/>≈ 0.5% hoàn tiền', 'text_color': '#808089', 'type': 'asa_reward_html'}]",0,0,0,0,0,0,https://salt.tikicdn.com/cache/280x280/ts/product/73/c6/92/de1331713faab0c5de00c75d0ad747ca.jpg,280,280,[],False,,False,3171,,,False,False,,,[],,,106738652,,,False,,,,158000,True,"[{'impression_id': 'thanos-product-y7UMlinv4OOAT8b1', 'metadata': {'price': 158000, 'rating_average': 0, 'reviews_count': 0, 'seller_product_id': 106738652}, 'checksum': ''}, {'impression_id': 'f507fb28-c113-42d3-b9ad-1bd3d80c0188', 'metadata': {'product_id': 3171, 'service_name': 'reco', 'version': 'p_category_mpid_listing_v1_202306150600'}, 'checksum': ''}]",,1,1/2/1801/28794/28804,0,183877
10,113391694,4181131922092,"Bộ kết nối điện thoại thông minh đa năng, cao cấp HookUpz 2.0, IS-200 - Hàng chính hãng",bo-ket-noi-dien-thoai-thong-minh-da-nang-cao-cap-hookupz-2-0-is-200-hang-chinh-hang-p113391694,bo-ket-noi-dien-thoai-thong-minh-da-nang-cao-cap-hookupz-2-0-is-200-hang-chinh-hang-p113391694.html?itm_campaign=tiki-reco_UNK_DT_UNK_UNK_tiki-listing_UNK_p-category-mpid-listing-v1_202306150600_MD_batched_PID.113391695&itm_medium=CPC&itm_source=tiki-reco&spid=113391695,,,,Carson,,2080000,0,[],"[{'code': 'delivery_info_badge', 'placement': 'delivery_info', 'text': 'Giao thứ 4, ngày 21/06', 'type': 'delivery_info_badge'}, {'code': 'asa_reward_html_badge', 'placement': 'under_price', 'text': 'Tặng tới 52 ASA (11k ₫)<br/>≈ 0.5% hoàn tiền', 'text_color': '#808089', 'type': 'asa_reward_html'}]",0,0,0,0,0,0,https://salt.tikicdn.com/cache/280x280/ts/product/54/6b/b3/0ac6ce48af3e1b6debecc6cada976568.jpg,280,280,[],False,,False,3171,,,False,False,,,[],,,113391695,,,False,,,,2080000,True,"[{'impression_id': 'thanos-product-j0N7BD1lwsppD84U', 'metadata': {'price': 2080000, 'rating_average': 0, 'reviews_count': 0, 'seller_product_id': 113391695}, 'checksum': ''}, {'impression_id': '5c7aabce-b2e3-406a-9e06-389fd47e5e69', 'metadata': {'product_id': 3171, 'service_name': 'reco', 'version': 'p_category_mpid_listing_v1_202306150600'}, 'checksum': ''}]",,1,1/2/1801/28794/28804,0,5629
11,107615389,2267039166450,Kính thể thao ngoài trời Kính xe máy Kính trượt tuyết X400  - Nhiều Màu,kinh-the-thao-ngoai-troi-kinh-xe-may-kinh-truot-tuyet-x400-nhieu-mau-p107615389,kinh-the-thao-ngoai-troi-kinh-xe-may-kinh-truot-tuyet-x400-nhieu-mau-p107615389.html?itm_campaign=tiki-reco_UNK_DT_UNK_UNK_tiki-listing_UNK_p-category-mpid-listing-v1_202306150600_MD_batched_PID.107615394&itm_medium=CPC&itm_source=tiki-reco&spid=107615394,,,,OEM,,29000,0,[],"[{'code': 'delivery_info_badge', 'placement': 'delivery_info', 'text': 'Giao thứ 3, ngày 20/06', 'type': 'delivery_info_badge'}, {'code': 'asa_reward_badge', 'icon': 'https://salt.tikicdn.com/ts/upload/d6/51/17/cde193f3d0f6da18147a739247c95c93.png', 'icon_height': 20, 'icon_width': 53, 'placement': 'bottom', 'type': 'asa_reward'}, {'code': 'asa_reward_html_badge', 'placement': 'under_price', 'text': 'Tặng tới 6 ASA (1k ₫)<br/>≈ 4.2% hoàn tiền', 'text_color': '#808089', 'type': 'asa_reward_html'}]",0,0,0,0,0,0,https://salt.tikicdn.com/cache/280x280/ts/product/4c/b3/42/274a206a7695b91e767e10dc5735ea25.jpg,280,280,[],False,,False,3171,,,False,False,,,[],,,107615394,,,False,,,,29000,True,"[{'impression_id': 'thanos-product-6hpV2AvRbX4ywpC5', 'metadata': {'price': 29000, 'rating_average': 0, 'reviews_count': 0, 'seller_product_id': 107615394}, 'checksum': ''}, {'impression_id': 'e480fd85-276c-4966-b4a7-a8d487f7fb7d', 'metadata': {'product_id': 3171, 'service_name': 'reco', 'version': 'p_category_mpid_listing_v1_202306150600'}, 'checksum': ''}]",,1,1/2/1801/28794/28804,0,82720
12,173350093,4941801689720,"Thị kính Celestron X-Cel LX 9mm phụ kiện dành cho kính thiên văn phù hợp với loại 1,25inch | Hàng chính hãng - Thương hiệu Mỹ - Loại cao cấp",thi-kinh-celestron-x-cel-lx-9mm-phu-kien-danh-cho-kinh-thien-van-phu-hop-voi-loai-1-25inch-hang-chinh-hang-thuong-hieu-my-loai-cao-cap-p173350093,thi-kinh-celestron-x-cel-lx-9mm-phu-kien-danh-cho-kinh-thien-van-phu-hop-voi-loai-1-25inch-hang-chinh-hang-thuong-hieu-my-loai-cao-cap-p173350093.html?itm_campaign=tiki-reco_UNK_DT_UNK_UNK_tiki-listing_UNK_p-category-mpid-listing-v1_202306150600_MD_batched_PID.173350094&itm_medium=CPC&itm_source=tiki-reco&spid=173350094,,,,Celestron,,3036000,0,[],"[{'code': 'delivery_info_badge', 'placement': 'delivery_info', 'text': 'Giao thứ 6, ngày 23/06', 'type': 'delivery_info_badge'}, {'code': 'asa_reward_html_badge', 'placement': 'under_price', 'text': 'Tặng tới 76 ASA (16k ₫)<br/>≈ 0.5% hoàn tiền', 'text_color': '#808089', 'type': 'asa_reward_html'}]",0,0,0,0,0,0,https://salt.tikicdn.com/cache/280x280/ts/product/d0/87/96/186dc5e20b7c7b167edffb70c49c2e4d.jpg,280,280,[],False,,False,3171,,,False,False,,,[],,,173350094,,,False,,,,3036000,True,"[{'impression_id': 'thanos-product-9d12qRD6p4VOSIUq', 'metadata': {'price': 3036000, 'rating_average': 0, 'reviews_count': 0, 'seller_product_id': 173350094}, 'checksum': ''}, {'impression_id': '1149e5dd-2673-4dd0-bb49-d2ef989df0c8', 'metadata': {'product_id': 3171, 'service_name': 'reco', 'version': 'p_category_mpid_listing_v1_202306150600'}, 'checksum': ''}]",,1,1/2/1801/28794/28804,0,46699
13,173347728,6881457203679,"Thị kính cao cấp Celestron 5mm | Hàng chính hãng - Thương hiệu Mỹ - Phụ kiện dành cho kính thiên văn phù hợp với loại 1,25 inch",thi-kinh-cao-cap-celestron-5mm-hang-chinh-hang-thuong-hieu-my-phu-kien-danh-cho-kinh-thien-van-phu-hop-voi-loai-1-25-inch-p173347728,thi-kinh-cao-cap-celestron-5mm-hang-chinh-hang-thuong-hieu-my-phu-kien-danh-cho-kinh-thien-van-phu-hop-voi-loai-1-25-inch-p173347728.html?itm_campaign=tiki-reco_UNK_DT_UNK_UNK_tiki-listing_UNK_p-category-mpid-listing-v1_202306150600_MD_batched_PID.173347729&itm_medium=CPC&itm_source=tiki-reco&spid=173347729,,,,Celestron,,3036000,0,[],"[{'code': 'delivery_info_badge', 'placement': 'delivery_info', 'text': 'Giao thứ 6, ngày 23/06', 'type': 'delivery_info_badge'}, {'code': 'asa_reward_html_badge', 'placement': 'under_price', 'text': 'Tặng tới 76 ASA (16k ₫)<br/>≈ 0.5% hoàn tiền', 'text_color': '#808089', 'type': 'asa_reward_html'}]",0,0,0,0,0,0,https://salt.tikicdn.com/cache/280x280/ts/product/df/c4/5a/5b809883ef9386b6cea5a48334316846.jpg,280,280,[],False,,False,3171,,,False,False,,,[],,,173347729,,,False,,,,3036000,True,"[{'impression_id': 'thanos-product-fCbCOhNJIuRHUSzH', 'metadata': {'price': 3036000, 'rating_average': 0, 'reviews_count': 0, 'seller_product_id': 173347729}, 'checksum': ''}, {'impression_id': 'feafd88c-4e44-4d4e-87a2-45add39d4fe7', 'metadata': {'product_id': 3171, 'service_name': 'reco', 'version': 'p_category_mpid_listing_v1_202306150600'}, 'checksum': ''}]",,1,1/2/1801/28794/28804,0,46699
14,173372394,5985040430421,"Bộ chuyển đổi giúp gắn máy ảnh vào kính thiên văn, phù hợp với loại kính thiên văn cho thị kính 1,25inch",bo-chuyen-doi-giup-gan-may-anh-vao-kinh-thien-van-phu-hop-voi-loai-kinh-thien-van-cho-thi-kinh-1-25inch-p173372394,bo-chuyen-doi-giup-gan-may-anh-vao-kinh-thien-van-phu-hop-voi-loai-kinh-thien-van-cho-thi-kinh-1-25inch-p173372394.html?itm_campaign=tiki-reco_UNK_DT_UNK_UNK_tiki-listing_UNK_p-category-mpid-listing-v1_202306150600_MD_batched_PID.173372396&itm_medium=CPC&itm_source=tiki-reco&spid=173372396,,,,OEM,,286000,0,[],"[{'code': 'option_color', 'placement': 'under_rating', 'text': 'Nhiều màu', 'type': 'under_rating_text'}, {'code': 'delivery_info_badge', 'placement': 'delivery_info', 'text': 'Giao thứ 6, ngày 23/06', 'type': 'delivery_info_badge'}, {'code': 'asa_reward_html_badge', 'placement': 'under_price', 'text': 'Tặng tới 7 ASA (2k ₫)<br/>≈ 0.5% hoàn tiền', 'text_color': '#808089', 'type': 'asa_reward_html'}]",0,0,0,0,0,0,https://salt.tikicdn.com/cache/280x280/ts/product/16/d3/39/fb2a78b16e27a4ea7d6e457e579145c6.jpg,280,280,[],False,,False,3171,,,False,False,,,[],,,173372396,,,False,,,,286000,True,"[{'impression_id': 'thanos-product-THAbOqJXYB0UJ1cF', 'metadata': {'price': 286000, 'rating_average': 0, 'reviews_count': 0, 'seller_product_id': 173372396}, 'checksum': ''}, {'impression_id': '2500022c-16ea-4478-9a8e-cf26df7374fc', 'metadata': {'product_id': 3171, 'service_name': 'reco', 'version': 'p_category_mpid_listing_v1_202306150600'}, 'checksum': ''}]",,1,1/2/1801/28794/28804,0,46699
15,37941826,3067075634315,Camera Bosma 200W độ phân giải HD chính hãng,camera-bosma-200w-do-phan-giai-hd-chinh-hang-p37941826,camera-bosma-200w-do-phan-giai-hd-chinh-hang-p37941826.html?itm_campaign=tiki-reco_UNK_DT_UNK_UNK_tiki-listing_UNK_p-category-mpid-listing-v1_202306150600_MD_batched_PID.37941827&itm_medium=CPC&itm_source=tiki-reco&spid=37941827,,,,BOSMA,,1591000,0,[],"[{'code': 'delivery_info_badge', 'placement': 'delivery_info', 'text': 'Giao thứ 6, ngày 23/06', 'type': 'delivery_info_badge'}, {'code': 'asa_reward_html_badge', 'placement': 'under_price', 'text': 'Tặng tới 40 ASA (9k ₫)<br/>≈ 0.5% hoàn tiền', 'text_color': '#808089', 'type': 'asa_reward_html'}]",0,0,0,0,0,0,https://salt.tikicdn.com/cache/280x280/ts/product/34/1f/d4/02ebccf542c091a87f0afad72b4d6804.png,280,280,[],False,,False,3171,,,False,False,,,[],,,37941827,,,False,,,,1591000,True,"[{'impression_id': 'thanos-product-gubrTGqzpdqKoJgT', 'metadata': {'price': 1591000, 'rating_average': 0, 'reviews_count': 0, 'seller_product_id': 37941827}, 'checksum': ''}, {'impression_id': '94f0877a-a8ed-4905-87d0-97e2c18fa068', 'metadata': {'product_id': 3171, 'service_name': 'reco', 'version': 'p_category_mpid_listing_v1_202306150600'}, 'checksum': ''}]",,1,1/2/1801/28794/28804,0,46699
16,251401749,3396444838439,Vật kính giá rẻ cho kính hiển vi XSP-13A / XSP-02 | Hàng Chính Hãng,vat-kinh-gia-re-cho-kinh-hien-vi-xsp-13a-xsp-02-hang-chinh-hang-p251401749,vat-kinh-gia-re-cho-kinh-hien-vi-xsp-13a-xsp-02-hang-chinh-hang-p251401749.html?itm_campaign=tiki-reco_UNK_DT_UNK_UNK_tiki-listing_UNK_p-category-mpid-listing-v1_202306150600_MD_batched_PID.251401751&itm_medium=CPC&itm_source=tiki-reco&spid=251401751,,,,Shine A,,411765,0,[],"[{'code': 'delivery_info_badge', 'placement': 'delivery_info', 'text': 'Giao thứ 5, ngày 22/06', 'type': 'delivery_info_badge'}, {'code': 'asa_reward_html_badge', 'placement': 'under_price', 'text': 'Tặng tới 10 ASA (2k ₫)<br/>≈ 0.5% hoàn tiền', 'text_color': '#808089', 'type': 'asa_reward_html'}]",0,0,0,0,0,0,https://salt.tikicdn.com/cache/280x280/ts/product/1a/57/d6/06d90da0ff7b0585b55998c93d819aab.png,280,280,[],False,,False,3171,,,False,False,,,[],,,251401751,,,False,,,,411765,True,"[{'impression_id': 'thanos-product-d4TDr84bbPMDCwzO', 'metadata': {'price': 411765, 'rating_average': 0, 'reviews_count': 0, 'seller_product_id': 251401751}, 'checksum': ''}, {'impression_id': 'aed04157-99a4-4122-a408-bd6a95456e02', 'metadata': {'product_id': 3171, 'service_name': 'reco', 'version': 'p_category_mpid_listing_v1_202306150600'}, 'checksum': ''}]",,1,1/2/1801/28794/28804,0,302275
17,252411330,9709727404268,Màn hình Ép kính thay thế cho IP XR,man-hinh-zin-ep-kinh-thay-the-cho-ip-xr-p252411330,man-hinh-zin-ep-kinh-thay-the-cho-ip-xr-p252411330.html?itm_campaign=tiki-reco_UNK_DT_UNK_UNK_tiki-listing_UNK_p-category-mpid-listing-v1_202306150600_MD_batched_PID.252411331&itm_medium=CPC&itm_source=tiki-reco&spid=252411331,,,,OEM,,910000,0,[],"[{'code': 'delivery_info_badge', 'placement': 'delivery_info', 'text': 'Giao thứ 3, ngày 20/06', 'type': 'delivery_info_badge'}, {'code': 'asa_reward_html_badge', 'placement': 'under_price', 'text': 'Tặng tới 23 ASA (5k ₫)<br/>≈ 0.5% hoàn tiền', 'text_color': '#808089', 'type': 'asa_reward_html'}]",0,0,0,0,0,0,https://salt.tikicdn.com/cache/280x280/ts/product/c8/5a/a5/8c39c15f2cb703c5e5371b342e726c39.jpg,280,280,[],False,,False,3171,,,False,False,,,[],,,252411331,,,False,,,,910000,True,"[{'impression_id': 'thanos-product-lcQJXHJVrG37kCWh', 'metadata': {'price': 910000, 'rating_average': 0, 'reviews_count': 0, 'seller_product_id': 252411331}, 'checksum': ''}, {'impression_id': 'bfa8fa74-0534-4722-9798-0396f5d517c5', 'metadata': {'product_id': 3171, 'service_name': 'reco', 'version': 'p_category_mpid_listing_v1_202306150600'}, 'checksum': ''}]",,1,1/2/1801/28794/28804,0,282858
18,253663082,1699345054344,Kính xem phim 3D,kinh-xem-phim-3d-p253663082,kinh-xem-phim-3d-p253663082.html?itm_campaign=tiki-reco_UNK_DT_UNK_UNK_tiki-listing_UNK_p-category-mpid-listing-v1_202306150600_MD_batched_PID.253663083&itm_medium=CPC&itm_source=tiki-reco&spid=253663083,,,,OEM,,259999,0,[],"[{'code': 'delivery_info_badge', 'placement': 'delivery_info', 'text': 'Giao thứ 3, ngày 20/06', 'type': 'delivery_info_badge'}, {'code': 'asa_reward_badge', 'icon': 'https://salt.tikicdn.com/ts/upload/d6/51/17/cde193f3d0f6da18147a739247c95c93.png', 'icon_height': 20, 'icon_width': 53, 'placement': 'bottom', 'type': 'asa_reward'}, {'code': 'asa_reward_html_badge', 'placement': 'under_price', 'text': 'Tặng tới 51 ASA (11k ₫)<br/>≈ 4.2% hoàn tiền', 'text_color': '#808089', 'type': 'asa_reward_html'}]",0,0,0,0,0,0,https://salt.tikicdn.com/cache/280x280/ts/product/e8/9d/0d/20780bb46e70b55124e61028b9b6f0c8.jpg,280,280,[],False,,False,3171,,,False,False,,,[],,,253663083,,,False,,,,259999,True,"[{'impression_id': 'thanos-product-cDv7sMcF7zZcepzA', 'metadata': {'price': 259999, 'rating_average': 0, 'reviews_count': 0, 'seller_product_id': 253663083}, 'checksum': ''}, {'impression_id': 'fecfd16c-b946-46d1-b2dc-181962967d45', 'metadata': {'product_id': 3171, 'service_name': 'reco', 'version': 'p_category_mpid_listing_v1_202306150600'}, 'checksum': ''}]",,1,1/2/1801/28794/28804,0,199710
19,214503175,8027839343239,LĂNG KÍNH BẢO VỆ D27.9*4.1 ( Fiber Laser ),lang-kinh-bao-ve-d27-9-4-1-p214503175,lang-kinh-bao-ve-d27-9-4-1-p214503175.html?itm_campaign=tiki-reco_UNK_DT_UNK_UNK_tiki-listing_UNK_p-category-mpid-listing-v1_202306150600_MD_batched_PID.214503176&itm_medium=CPC&itm_source=tiki-reco&spid=214503176,,,,No Brand,,150000,0,[],"[{'code': 'delivery_info_badge', 'placement': 'delivery_info', 'text': 'Thanh toán qua thẻ & ví', 'type': 'delivery_info_badge'}, {'code': 'asa_reward_html_badge', 'placement': 'under_price', 'text': 'Tặng tới 4 ASA (813 ₫)<br/>≈ 0.5% hoàn tiền', 'text_color': '#808089', 'type': 'asa_reward_html'}]",0,0,0,0,0,0,https://salt.tikicdn.com/cache/280x280/ts/product/15/89/ca/a5587b1f58c0cb94532506e1f6f2b6ca.jpg,280,280,[],False,,False,3171,,,False,False,,,[],,,214503176,,,False,,,,150000,True,"[{'impression_id': 'thanos-product-LJD3hAdfMHM90e4f', 'metadata': {'price': 150000, 'rating_average': 0, 'reviews_count': 0, 'seller_product_id': 214503176}, 'checksum': ''}, {'impression_id': '2fdbe7a9-34e7-42a2-b9a2-e988bbecd706', 'metadata': {'product_id': 3171, 'service_name': 'reco', 'version': 'p_category_mpid_listing_v1_202306150600'}, 'checksum': ''}]",,1,1/2/1801/28794/28804,0,309050
20,251395537,7065644373443,Đèn Râu Đôi Halogen | Model: XD-301 | Hàng Chính Hãng,den-rau-doi-halogen-model-xd-301-hang-chinh-hang-p251395537,den-rau-doi-halogen-model-xd-301-hang-chinh-hang-p251395537.html?itm_campaign=tiki-reco_UNK_DT_UNK_UNK_tiki-listing_UNK_p-category-mpid-listing-v1_202306150600_MD_batched_PID.251395538&itm_medium=CPC&itm_source=tiki-reco&spid=251395538,,,,Shine A,,4499000,0,[],"[{'code': 'delivery_info_badge', 'placement': 'delivery_info', 'text': 'Giao thứ 5, ngày 22/06', 'type': 'delivery_info_badge'}, {'code': 'asa_reward_html_badge', 'placement': 'under_price', 'text': 'Tặng tới 112 ASA (24k ₫)<br/>≈ 0.5% hoàn tiền', 'text_color': '#808089', 'type': 'asa_reward_html'}]",0,0,0,0,0,0,https://salt.tikicdn.com/cache/280x280/ts/product/a3/4f/03/812068313b893dffd60b36b31ec7fedb.png,280,280,[],False,,False,3171,,,False,False,,,[],,,251395538,,,False,,,,4499000,True,"[{'impression_id': 'thanos-product-mmReVMWeExysVeDl', 'metadata': {'price': 4499000, 'rating_average': 0, 'reviews_count': 0, 'seller_product_id': 251395538}, 'checksum': ''}, {'impression_id': 'c1629575-4ccf-4474-8b78-ea119ecacd10', 'metadata': {'product_id': 3171, 'service_name': 'reco', 'version': 'p_category_mpid_listing_v1_202306150600'}, 'checksum': ''}]",,1,1/2/1801/28794/28804,0,302275
21,251335962,4529906471412,Lam Kính | 50 Tấm ,lam-kinh-isolab-duc-50-tam-p251335962,lam-kinh-isolab-duc-50-tam-p251335962.html?itm_campaign=tiki-reco_UNK_DT_UNK_UNK_tiki-listing_UNK_p-category-mpid-listing-v1_202306150600_MD_batched_PID.251335963&itm_medium=CPC&itm_source=tiki-reco&spid=251335963,,,,OEM,,45882,0,[],"[{'code': 'delivery_info_badge', 'placement': 'delivery_info', 'text': 'Giao thứ 5, ngày 22/06', 'type': 'delivery_info_badge'}, {'code': 'asa_reward_html_badge', 'placement': 'under_price', 'text': 'Tặng tới 1 ASA (249 ₫)<br/>≈ 0.5% hoàn tiền', 'text_color': '#808089', 'type': 'asa_reward_html'}]",0,0,0,0,0,0,https://salt.tikicdn.com/cache/280x280/ts/product/11/bb/45/c42e982247f8b2e8b1c2730295ffce7c.png,280,280,[],False,,False,3171,,,False,False,,,[],,,251335963,,,False,,,,45882,True,"[{'impression_id': 'thanos-product-Gd01vQt4z46x43VZ', 'metadata': {'price': 45882, 'rating_average': 0, 'reviews_count': 0, 'seller_product_id': 251335963}, 'checksum': ''}, {'impression_id': '58d1c71a-1dc4-41b7-a8c7-df0a956bfec2', 'metadata': {'product_id': 3171, 'service_name': 'reco', 'version': 'p_category_mpid_listing_v1_202306150600'}, 'checksum': ''}]",,1,1/2/1801/28794/28804,0,302275
22,251382493,6460654158097,Camera Chuyên Dụng Cho Kính Hiển Vi CCD-14MP | Hàng Chính Hãng,camera-chuyen-dung-cho-kinh-hien-vi-ccd-14mp-hang-chinh-hang-p251382493,camera-chuyen-dung-cho-kinh-hien-vi-ccd-14mp-hang-chinh-hang-p251382493.html?itm_campaign=tiki-reco_UNK_DT_UNK_UNK_tiki-listing_UNK_p-category-mpid-listing-v1_202306150600_MD_batched_PID.251382496&itm_medium=CPC&itm_source=tiki-reco&spid=251382496,,,,LABEX,,4699000,0,[],"[{'code': 'delivery_info_badge', 'placement': 'delivery_info', 'text': 'Giao thứ 5, ngày 22/06', 'type': 'delivery_info_badge'}, {'code': 'asa_reward_html_badge', 'placement': 'under_price', 'text': 'Tặng tới 117 ASA (25k ₫)<br/>≈ 0.5% hoàn tiền', 'text_color': '#808089', 'type': 'asa_reward_html'}]",0,0,0,0,0,0,https://salt.tikicdn.com/cache/280x280/ts/product/80/bc/c3/c113c1e1bb24acd555bfd87ef0566ca5.png,280,280,[],False,,False,3171,,,False,False,,,[],,,251382496,,,False,,,,4699000,True,"[{'impression_id': 'thanos-product-rErMq6NLGsoidaPe', 'metadata': {'price': 4699000, 'rating_average': 0, 'reviews_count': 0, 'seller_product_id': 251382496}, 'checksum': ''}, {'impression_id': '78127c12-8294-4958-8aba-947143b48388', 'metadata': {'product_id': 3171, 'service_name': 'reco', 'version': 'p_category_mpid_listing_v1_202306150600'}, 'checksum': ''}]",,1,1/2/1801/28794/28804,0,302275
23,251395726,3853583484951,Đèn LED Ring Cho Kính Hiển Vi Soi Nổi | Model: PHLED64-I | Hàng Chính Hãng,den-led-ring-cho-kinh-hien-vi-soi-noi-model-phled64-i-hang-chinh-hang-p251395726,den-led-ring-cho-kinh-hien-vi-soi-noi-model-phled64-i-hang-chinh-hang-p251395726.html?itm_campaign=tiki-reco_UNK_DT_UNK_UNK_tiki-listing_UNK_p-category-mpid-listing-v1_202306150600_MD_batched_PID.251395727&itm_medium=CPC&itm_source=tiki-reco&spid=251395727,,,,Shine A,,599000,0,[],"[{'code': 'delivery_info_badge', 'placement': 'delivery_info', 'text': 'Giao thứ 5, ngày 22/06', 'type': 'delivery_info_badge'}, {'code': 'asa_reward_html_badge', 'placement': 'under_price', 'text': 'Tặng tới 15 ASA (3k ₫)<br/>≈ 0.5% hoàn tiền', 'text_color': '#808089', 'type': 'asa_reward_html'}]",0,0,0,0,0,0,https://salt.tikicdn.com/cache/280x280/ts/product/e2/ba/34/3e66df3a28d0bf7b429d8353cb12cbad.png,280,280,[],False,,False,3171,,,False,False,,,[],,,251395727,,,False,,,,599000,True,"[{'impression_id': 'thanos-product-CIKF0cIOvxwRnrqF', 'metadata': {'price': 599000, 'rating_average': 0, 'reviews_count': 0, 'seller_product_id': 251395727}, 'checksum': ''}, {'impression_id': '9a0bde8b-7e99-41a0-92a9-4663999a35ae', 'metadata': {'product_id': 3171, 'service_name': 'reco', 'version': 'p_category_mpid_listing_v1_202306150600'}, 'checksum': ''}]",,1,1/2/1801/28794/28804,0,302275
24,251395829,2535950232896,Camera Kèm Màn Hình 9.7 inch Scopepad-LX97 | Hàng Chính Hãng,camera-kem-man-hinh-9-7-inch-scopepad-lx97-chuyen-dung-cho-kinh-hien-vi-hang-chinh-hang-p251395829,camera-kem-man-hinh-9-7-inch-scopepad-lx97-chuyen-dung-cho-kinh-hien-vi-hang-chinh-hang-p251395829.html?itm_campaign=tiki-reco_UNK_DT_UNK_UNK_tiki-listing_UNK_p-category-mpid-listing-v1_202306150600_MD_batched_PID.251395830&itm_medium=CPC&itm_source=tiki-reco&spid=251395830,,,,LABEX,,10555000,0,[],"[{'code': 'delivery_info_badge', 'placement': 'delivery_info', 'text': 'Giao thứ 5, ngày 22/06', 'type': 'delivery_info_badge'}, {'code': 'asa_reward_html_badge', 'placement': 'under_price', 'text': 'Tặng tới 264 ASA (57k ₫)<br/>≈ 0.5% hoàn tiền', 'text_color': '#808089', 'type': 'asa_reward_html'}]",0,0,0,0,0,0,https://salt.tikicdn.com/cache/280x280/ts/product/80/46/21/153626e92a15f1de5ada1fb3b97b1a54.png,280,280,[],False,,False,3171,,,False,False,,,[],,,251395830,,,False,,,,10555000,True,"[{'impression_id': 'thanos-product-hKglYBbP4qpX3yzP', 'metadata': {'price': 10555000, 'rating_average': 0, 'reviews_count': 0, 'seller_product_id': 251395830}, 'checksum': ''}, {'impression_id': '986925e9-fcab-42e0-9f16-ab45e135b307', 'metadata': {'product_id': 3171, 'service_name': 'reco', 'version': 'p_category_mpid_listing_v1_202306150600'}, 'checksum': ''}]",,1,1/2/1801/28794/28804,0,302275
25,251380076,6660727399932,Đèn LED Ring Cho Kính Hiển Vi Soi Nổi WR-56HW | Hàng Chính Hãng,den-led-ring-cho-kinh-hien-vi-soi-noi-wr-56hw-hang-chinh-hang-p251380076,den-led-ring-cho-kinh-hien-vi-soi-noi-wr-56hw-hang-chinh-hang-p251380076.html?itm_campaign=tiki-reco_UNK_DT_UNK_UNK_tiki-listing_UNK_p-category-mpid-listing-v1_202306150600_MD_batched_PID.251380077&itm_medium=CPC&itm_source=tiki-reco&spid=251380077,,,,Shine A,,469412,0,[],"[{'code': 'delivery_info_badge', 'placement': 'delivery_info', 'text': 'Giao thứ 5, ngày 22/06', 'type': 'delivery_info_badge'}, {'code': 'asa_reward_html_badge', 'placement': 'under_price', 'text': 'Tặng tới 12 ASA (3k ₫)<br/>≈ 0.5% hoàn tiền', 'text_color': '#808089', 'type': 'asa_reward_html'}]",0,0,0,0,0,0,https://salt.tikicdn.com/cache/280x280/ts/product/8c/e5/50/9dd5fb408f999cdcdcd08f3cfa34968e.png,280,280,[],False,,False,3171,,,False,False,,,[],,,251380077,,,False,,,,469412,True,"[{'impression_id': 'thanos-product-z8fSOUh1RxF7xTNa', 'metadata': {'price': 469412, 'rating_average': 0, 'reviews_count': 0, 'seller_product_id': 251380077}, 'checksum': ''}, {'impression_id': '4d80ac15-b173-457d-a92a-c7ed8768d53f', 'metadata': {'product_id': 3171, 'service_name': 'reco', 'version': 'p_category_mpid_listing_v1_202306150600'}, 'checksum': ''}]",,1,1/2/1801/28794/28804,0,302275
26,252411298,6144844384188,Màn hình Ép kính thay thế cho IP 13,man-hinh-zin-ep-kinh-thay-the-cho-ip-13-p252411298,man-hinh-zin-ep-kinh-thay-the-cho-ip-13-p252411298.html?itm_campaign=tiki-reco_UNK_DT_UNK_UNK_tiki-listing_UNK_p-category-mpid-listing-v1_202306150600_MD_batched_PID.252411305&itm_medium=CPC&itm_source=tiki-reco&spid=252411305,,,,OEM,,3610000,0,[],"[{'code': 'delivery_info_badge', 'placement': 'delivery_info', 'text': 'Giao thứ 3, ngày 20/06', 'type': 'delivery_info_badge'}, {'code': 'asa_reward_html_badge', 'placement': 'under_price', 'text': 'Tặng tới 90 ASA (20k ₫)<br/>≈ 0.5% hoàn tiền', 'text_color': '#808089', 'type': 'asa_reward_html'}]",0,0,0,0,0,0,https://salt.tikicdn.com/cache/280x280/ts/product/cc/b6/fb/1502d94b35c8010ce673db34f38a9e6c.jpg,280,280,[],False,,False,3171,,,False,False,,,[],,,252411305,,,False,,,,3610000,True,"[{'impression_id': 'thanos-product-MkYMfZ84Uw6JUid0', 'metadata': {'price': 3610000, 'rating_average': 0, 'reviews_count': 0, 'seller_product_id': 252411305}, 'checksum': ''}, {'impression_id': '623500d4-bbb6-404e-8257-31ab66c194c7', 'metadata': {'product_id': 3171, 'service_name': 'reco', 'version': 'p_category_mpid_listing_v1_202306150600'}, 'checksum': ''}]",,1,1/2/1801/28794/28804,0,282858
27,251401933,9031802334576,Vật kính giá rẻ cho kính hiển vi XSZ-107 / XSP-15 | Hàng Chính Hãng,vat-kinh-gia-re-cho-kinh-hien-vi-xsz-107-xsp-15-hang-chinh-hang-p251401933,vat-kinh-gia-re-cho-kinh-hien-vi-xsz-107-xsp-15-hang-chinh-hang-p251401933.html?itm_campaign=tiki-reco_UNK_DT_UNK_UNK_tiki-listing_UNK_p-category-mpid-listing-v1_202306150600_MD_batched_PID.251401935&itm_medium=CPC&itm_source=tiki-reco&spid=251401935,,,,Shine A,,647055,0,[],"[{'code': 'delivery_info_badge', 'placement': 'delivery_info', 'text': 'Giao thứ 5, ngày 22/06', 'type': 'delivery_info_badge'}, {'code': 'asa_reward_html_badge', 'placement': 'under_price', 'text': 'Tặng tới 16 ASA (4k ₫)<br/>≈ 0.5% hoàn tiền', 'text_color': '#808089', 'type': 'asa_reward_html'}]",0,0,0,0,0,0,https://salt.tikicdn.com/cache/280x280/ts/product/1a/57/d6/b0e7c0af61d6b5ca4287bef37c733a29.png,280,280,[],False,,False,3171,,,False,False,,,[],,,251401935,,,False,,,,647055,True,"[{'impression_id': 'thanos-product-9S1QOGxcCRKnHCTE', 'metadata': {'price': 647055, 'rating_average': 0, 'reviews_count': 0, 'seller_product_id': 251401935}, 'checksum': ''}, {'impression_id': '3b0fc239-37e9-45db-8afd-448b15b94178', 'metadata': {'product_id': 3171, 'service_name': 'reco', 'version': 'p_category_mpid_listing_v1_202306150600'}, 'checksum': ''}]",,1,1/2/1801/28794/28804,0,302275
28,251382424,9275393084126,Bộ Camera 16MP Tích Hợp Màn Hình 10.1 Inch CCD-1016M | Hàng Chính Hãng,bo-camera-16mp-tich-hop-man-hinh-10-1-inch-ccd-1016m-hang-chinh-hang-p251382424,bo-camera-16mp-tich-hop-man-hinh-10-1-inch-ccd-1016m-hang-chinh-hang-p251382424.html?itm_campaign=tiki-reco_UNK_DT_UNK_UNK_tiki-listing_UNK_p-category-mpid-listing-v1_202306150600_MD_batched_PID.251382425&itm_medium=CPC&itm_source=tiki-reco&spid=251382425,,,,LABEX,,7700000,0,[],"[{'code': 'delivery_info_badge', 'placement': 'delivery_info', 'text': 'Giao thứ 5, ngày 22/06', 'type': 'delivery_info_badge'}, {'code': 'asa_reward_html_badge', 'placement': 'under_price', 'text': 'Tặng tới 193 ASA (42k ₫)<br/>≈ 0.5% hoàn tiền', 'text_color': '#808089', 'type': 'asa_reward_html'}]",0,0,0,0,0,0,https://salt.tikicdn.com/cache/280x280/ts/product/02/37/44/5be3ec199af7ee806c661c1398f65f65.png,280,280,[],False,,False,3171,,,False,False,,,[],,,251382425,,,False,,,,7700000,True,"[{'impression_id': 'thanos-product-Wm0DCnyQXgJOlbtm', 'metadata': {'price': 7700000, 'rating_average': 0, 'reviews_count': 0, 'seller_product_id': 251382425}, 'checksum': ''}, {'impression_id': '3246d467-e452-4616-afc8-410fc82d8410', 'metadata': {'product_id': 3171, 'service_name': 'reco', 'version': 'p_category_mpid_listing_v1_202306150600'}, 'checksum': ''}]",,1,1/2/1801/28794/28804,0,302275
29,251401524,8181717529165,Thị Kính Cho Kính Hiển Vi Soi Nổi 20X | Model: WF20X-SZM | Hàng Chính Hãng,thi-kinh-cho-kinh-hien-vi-soi-noi-20x-model-wf20x-szm-hang-chinh-hang-p251401524,thi-kinh-cho-kinh-hien-vi-soi-noi-20x-model-wf20x-szm-hang-chinh-hang-p251401524.html?itm_campaign=tiki-reco_UNK_DT_UNK_UNK_tiki-listing_UNK_p-category-mpid-listing-v1_202306150600_MD_batched_PID.251401525&itm_medium=CPC&itm_source=tiki-reco&spid=251401525,,,,Shine A,,652941,0,[],"[{'code': 'delivery_info_badge', 'placement': 'delivery_info', 'text': 'Giao thứ 5, ngày 22/06', 'type': 'delivery_info_badge'}, {'code': 'asa_reward_html_badge', 'placement': 'under_price', 'text': 'Tặng tới 16 ASA (4k ₫)<br/>≈ 0.5% hoàn tiền', 'text_color': '#808089', 'type': 'asa_reward_html'}]",0,0,0,0,0,0,https://salt.tikicdn.com/cache/280x280/ts/product/f6/cc/73/de3d983f00f5028129d64031949cacf7.png,280,280,[],False,,False,3171,,,False,False,,,[],,,251401525,,,False,,,,652941,True,"[{'impression_id': 'thanos-product-Zl8r4GnD29AvfMqT', 'metadata': {'price': 652941, 'rating_average': 0, 'reviews_count': 0, 'seller_product_id': 251401525}, 'checksum': ''}, {'impression_id': 'aba43f51-1509-4fdf-84ec-0c3601064f9b', 'metadata': {'product_id': 3171, 'service_name': 'reco', 'version': 'p_category_mpid_listing_v1_202306150600'}, 'checksum': ''}]",,1,1/2/1801/28794/28804,0,302275
30,251401410,7012069125227,Thị Kính Cho Kính Hiển Vi Soi Nổi 10X | Model: WF10X-SZM | Hàng Chính Hãng,thi-kinh-cho-kinh-hien-vi-soi-noi-trung-quoc-10x-20x-hang-chinh-hang-p251401410,thi-kinh-cho-kinh-hien-vi-soi-noi-trung-quoc-10x-20x-hang-chinh-hang-p251401410.html?itm_campaign=tiki-reco_UNK_DT_UNK_UNK_tiki-listing_UNK_p-category-mpid-listing-v1_202306150600_MD_batched_PID.251401411&itm_medium=CPC&itm_source=tiki-reco&spid=251401411,,,,Shine A,,350000,0,[],"[{'code': 'delivery_info_badge', 'placement': 'delivery_info', 'text': 'Giao thứ 5, ngày 22/06', 'type': 'delivery_info_badge'}, {'code': 'asa_reward_html_badge', 'placement': 'under_price', 'text': 'Tặng tới 9 ASA (2k ₫)<br/>≈ 0.5% hoàn tiền', 'text_color': '#808089', 'type': 'asa_reward_html'}]",0,0,0,0,0,0,https://salt.tikicdn.com/cache/280x280/ts/product/f6/cc/73/f21d87e231002c10d5c89aba11fd298e.png,280,280,[],False,,False,3171,,,False,False,,,[],,,251401411,,,False,,,,350000,True,"[{'impression_id': 'thanos-product-BwNXnvc7V76tjeB5', 'metadata': {'price': 350000, 'rating_average': 0, 'reviews_count': 0, 'seller_product_id': 251401411}, 'checksum': ''}, {'impression_id': '0b0e4bc2-434d-4528-a93f-c315e6828409', 'metadata': {'product_id': 3171, 'service_name': 'reco', 'version': 'p_category_mpid_listing_v1_202306150600'}, 'checksum': ''}]",,1,1/2/1801/28794/28804,0,302275
31,251382662,4499237001658,Camera Chuyên Dụng Cho Kính Hiển Vi CCD-38MP | Hàng Chính Hãng,camera-chuyen-dung-cho-kinh-hien-vi-ccd-38mp-hang-chinh-hang-p251382662,camera-chuyen-dung-cho-kinh-hien-vi-ccd-38mp-hang-chinh-hang-p251382662.html?itm_campaign=tiki-reco_UNK_DT_UNK_UNK_tiki-listing_UNK_p-category-mpid-listing-v1_202306150600_MD_batched_PID.251382663&itm_medium=CPC&itm_source=tiki-reco&spid=251382663,,,,LABEX,,5450000,0,[],"[{'code': 'delivery_info_badge', 'placement': 'delivery_info', 'text': 'Giao thứ 5, ngày 22/06', 'type': 'delivery_info_badge'}, {'code': 'asa_reward_html_badge', 'placement': 'under_price', 'text': 'Tặng tới 136 ASA (30k ₫)<br/>≈ 0.5% hoàn tiền', 'text_color': '#808089', 'type': 'asa_reward_html'}]",0,0,0,0,0,0,https://salt.tikicdn.com/cache/280x280/ts/product/7f/13/d8/3e99343368e270f7fecc56fca893a7f6.png,280,280,[],False,,False,3171,,,False,False,,,[],,,251382663,,,False,,,,5450000,True,"[{'impression_id': 'thanos-product-32qcYJJmXEBO8lFM', 'metadata': {'price': 5450000, 'rating_average': 0, 'reviews_count': 0, 'seller_product_id': 251382663}, 'checksum': ''}, {'impression_id': '4673746b-e1bf-429c-ac3c-90ce53f9ca10', 'metadata': {'product_id': 3171, 'service_name': 'reco', 'version': 'p_category_mpid_listing_v1_202306150600'}, 'checksum': ''}]",,1,1/2/1801/28794/28804,0,302275
32,91369845,9259170497103,Kính Xem Phim  3D,kinh-xem-phim-3d-p91369845,kinh-xem-phim-3d-p91369845.html?itm_campaign=tiki-reco_UNK_DT_UNK_UNK_tiki-listing_UNK_p-category-mpid-listing-v1_202306150600_MD_batched_PID.91369847&itm_medium=CPC&itm_source=tiki-reco&spid=91369847,,,,OEM,,84500,0,[],"[{'code': 'delivery_info_badge', 'placement': 'delivery_info', 'text': 'Giao thứ 3, ngày 20/06', 'type': 'delivery_info_badge'}, {'code': 'asa_reward_html_badge', 'placement': 'under_price', 'text': 'Tặng tới 2 ASA (458 ₫)<br/>≈ 0.5% hoàn tiền', 'text_color': '#808089', 'type': 'asa_reward_html'}]",0,0,0,0,0,0,https://salt.tikicdn.com/cache/280x280/ts/product/3c/9a/10/371753f92a90a437a62f4bd45fad8169.jpg,280,280,[],False,,False,3171,,,False,False,,,[],,,91369847,,,False,"{'text': 'Đã bán 6', 'value': 6}",,,84500,True,"[{'impression_id': 'thanos-product-qA0FQXN1nzTZakaY', 'metadata': {'price': 84500, 'rating_average': 0, 'reviews_count': 0, 'seller_product_id': 91369847}, 'checksum': ''}, {'impression_id': 'd912604b-9f7d-4121-8db9-7ce43357581e', 'metadata': {'product_id': 3171, 'service_name': 'reco', 'version': 'p_category_mpid_listing_v1_202306150600'}, 'checksum': ''}]",,1,1/2/1801/28794/28804,0,3366
33,173422519,6040245554570,"Kẹp điện thoại giúp gắn smartphone vào ống nhòm, kính thiên văn",kep-dien-thoai-giup-gan-smartphone-vao-ong-nhom-kinh-thien-van-p173422519,kep-dien-thoai-giup-gan-smartphone-vao-ong-nhom-kinh-thien-van-p173422519.html?itm_campaign=tiki-reco_UNK_DT_UNK_UNK_tiki-listing_UNK_p-category-mpid-listing-v1_202306150600_MD_batched_PID.173422520&itm_medium=CPC&itm_source=tiki-reco&spid=173422520,,,,OEM,,255000,0,[],"[{'code': 'delivery_info_badge', 'placement': 'delivery_info', 'text': 'Giao thứ 6, ngày 23/06', 'type': 'delivery_info_badge'}, {'code': 'asa_reward_html_badge', 'placement': 'under_price', 'text': 'Tặng tới 6 ASA (1k ₫)<br/>≈ 0.5% hoàn tiền', 'text_color': '#808089', 'type': 'asa_reward_html'}]",0,0,0,0,0,0,https://salt.tikicdn.com/cache/280x280/ts/product/3c/39/76/fb55be068cbfa7d064593340cea04ce3.jpg,280,280,[],False,,False,3171,,,False,False,,,[],,,173422520,,,False,"{'text': 'Đã bán 1', 'value': 1}",,,255000,True,"[{'impression_id': 'thanos-product-EGu9mgLfbP2UgDD8', 'metadata': {'price': 255000, 'rating_average': 0, 'reviews_count': 0, 'seller_product_id': 173422520}, 'checksum': ''}, {'impression_id': '5fc17db9-8a57-4dea-880a-8a8b7dcfc079', 'metadata': {'product_id': 3171, 'service_name': 'reco', 'version': 'p_category_mpid_listing_v1_202306150600'}, 'checksum': ''}]",,1,1/2/1801/28794/28804,0,46699
34,34743643,9802478723020,Ống nhòm nhìn đêm Apresys NV340 chính hãng,ong-nhom-nhin-dem-apresys-nv340-chinh-hang-p34743643,ong-nhom-nhin-dem-apresys-nv340-chinh-hang-p34743643.html?itm_campaign=tiki-reco_UNK_DT_UNK_UNK_tiki-listing_UNK_p-category-mpid-listing-v1_202306150600_MD_batched_PID.34743644&itm_medium=CPC&itm_source=tiki-reco&spid=34743644,,,,Apresys,,5900000,0,[],"[{'code': 'delivery_info_badge', 'placement': 'delivery_info', 'text': 'Giao thứ 6, ngày 23/06', 'type': 'delivery_info_badge'}, {'code': 'asa_reward_html_badge', 'placement': 'under_price', 'text': 'Tặng tới 148 ASA (32k ₫)<br/>≈ 0.5% hoàn tiền', 'text_color': '#808089', 'type': 'asa_reward_html'}]",0,0,0,0,0,0,https://salt.tikicdn.com/cache/280x280/ts/product/7b/25/74/38df016f6b5bcec1275a9a92d75495d9.jpg,280,280,[],False,,False,3171,,,False,False,,,[],,,34743644,,,False,,,,5900000,True,"[{'impression_id': 'thanos-product-BM0i0er2hzSJPcpT', 'metadata': {'price': 5900000, 'rating_average': 0, 'reviews_count': 0, 'seller_product_id': 34743644}, 'checksum': ''}, {'impression_id': '528df2b3-bc1f-4103-96bf-3ddf540613fb', 'metadata': {'product_id': 3171, 'service_name': 'reco', 'version': 'p_category_mpid_listing_v1_202306150600'}, 'checksum': ''}]",,1,1/2/1801/28794/28804,0,46699
35,173474958,9243918004150,Kính tìm kiếm reddot finder 80eq dành cho kính thiên văn,kinh-tim-kiem-reddot-finder-80eq-danh-cho-kinh-thien-van-p173474958,kinh-tim-kiem-reddot-finder-80eq-danh-cho-kinh-thien-van-p173474958.html?itm_campaign=tiki-reco_UNK_DT_UNK_UNK_tiki-listing_UNK_p-category-mpid-listing-v1_202306150600_MD_batched_PID.173474959&itm_medium=CPC&itm_source=tiki-reco&spid=173474959,,,,OEM,,269000,0,[],"[{'code': 'delivery_info_badge', 'placement': 'delivery_info', 'text': 'Giao thứ 6, ngày 23/06', 'type': 'delivery_info_badge'}, {'code': 'asa_reward_html_badge', 'placement': 'under_price', 'text': 'Tặng tới 7 ASA (1k ₫)<br/>≈ 0.5% hoàn tiền', 'text_color': '#808089', 'type': 'asa_reward_html'}]",0,0,0,0,0,0,https://salt.tikicdn.com/cache/280x280/ts/product/16/20/65/1f3ea5e70d95014e40a500ca17ec2e59.jpg,280,280,[],False,,False,3171,,,False,False,,,[],,,173474959,,,False,,,,269000,True,"[{'impression_id': 'thanos-product-lI5OVLLyS1iZdm0k', 'metadata': {'price': 269000, 'rating_average': 0, 'reviews_count': 0, 'seller_product_id': 173474959}, 'checksum': ''}, {'impression_id': '63944c8b-b400-414a-b0c7-d07a8d745c7d', 'metadata': {'product_id': 3171, 'service_name': 'reco', 'version': 'p_category_mpid_listing_v1_202306150600'}, 'checksum': ''}]",,1,1/2/1801/28794/28804,0,46699
36,173383140,8667348970154,Tấm phim lọc mặt trời 25x25 (1 tấm màu bạc kích thước 25x25cm),tam-phim-loc-mat-troi-25x25-1-tam-mau-bac-kich-thuoc-25x25cm-p173383140,tam-phim-loc-mat-troi-25x25-1-tam-mau-bac-kich-thuoc-25x25cm-p173383140.html?itm_campaign=tiki-reco_UNK_DT_UNK_UNK_tiki-listing_UNK_p-category-mpid-listing-v1_202306150600_MD_batched_PID.173383141&itm_medium=CPC&itm_source=tiki-reco&spid=173383141,,,,OEM,,930000,0,[],"[{'code': 'delivery_info_badge', 'placement': 'delivery_info', 'text': 'Giao thứ 6, ngày 23/06', 'type': 'delivery_info_badge'}, {'code': 'asa_reward_html_badge', 'placement': 'under_price', 'text': 'Tặng tới 23 ASA (5k ₫)<br/>≈ 0.5% hoàn tiền', 'text_color': '#808089', 'type': 'asa_reward_html'}]",0,0,0,0,0,0,https://salt.tikicdn.com/cache/280x280/ts/product/61/a1/2d/008a826e654e2fd3e2eeaf93a4c10541.jpg,280,280,[],False,,False,3171,,,False,False,,,[],,,173383141,,,False,,,,930000,True,"[{'impression_id': 'thanos-product-knPaQNDqyIN5uvzD', 'metadata': {'price': 930000, 'rating_average': 0, 'reviews_count': 0, 'seller_product_id': 173383141}, 'checksum': ''}, {'impression_id': '7805cda4-9d1a-4fda-beee-ab0bc83f8b28', 'metadata': {'product_id': 3171, 'service_name': 'reco', 'version': 'p_category_mpid_listing_v1_202306150600'}, 'checksum': ''}]",,1,1/2/1801/28794/28804,0,46699
37,173382909,2971727418935,Tấm phim lọc mặt trời kích thước 15x15cm (1 tấm màu bạc),tam-phim-loc-mat-troi-kich-thuoc-15x15cm-1-tam-mau-bac-p173382909,tam-phim-loc-mat-troi-kich-thuoc-15x15cm-1-tam-mau-bac-p173382909.html?itm_campaign=tiki-reco_UNK_DT_UNK_UNK_tiki-listing_UNK_p-category-mpid-listing-v1_202306150600_MD_batched_PID.173382910&itm_medium=CPC&itm_source=tiki-reco&spid=173382910,,,,OEM,,335000,0,[],"[{'code': 'delivery_info_badge', 'placement': 'delivery_info', 'text': 'Giao thứ 6, ngày 23/06', 'type': 'delivery_info_badge'}, {'code': 'asa_reward_html_badge', 'placement': 'under_price', 'text': 'Tặng tới 8 ASA (2k ₫)<br/>≈ 0.5% hoàn tiền', 'text_color': '#808089', 'type': 'asa_reward_html'}]",0,0,0,0,0,0,https://salt.tikicdn.com/cache/280x280/ts/product/b4/b0/16/e40535b3e9cbc6e8b8af54ee338d406c.jpg,280,280,[],False,,False,3171,,,False,False,,,[],,,173382910,,,False,"{'text': 'Đã bán 1', 'value': 1}",,,335000,True,"[{'impression_id': 'thanos-product-ibp0BvOve0CSBF5R', 'metadata': {'price': 335000, 'rating_average': 0, 'reviews_count': 0, 'seller_product_id': 173382910}, 'checksum': ''}, {'impression_id': '34af5ba3-d6f3-4e23-a81d-bdbcf4afb724', 'metadata': {'product_id': 3171, 'service_name': 'reco', 'version': 'p_category_mpid_listing_v1_202306150600'}, 'checksum': ''}]",,1,1/2/1801/28794/28804,0,46699
38,173402796,8912019191994,"Thị kính điện tử Angeleyes Wifi (Camera) phù hợp với bất kì kính thiên văn cho thị kính 1,25inch | Hàng chính hãng thương hiệu Mỹ",thi-kinh-dien-tu-angeleyes-wifi-camera-phu-hop-voi-bat-ki-kinh-thien-van-cho-thi-kinh-1-25inch-p173402796,thi-kinh-dien-tu-angeleyes-wifi-camera-phu-hop-voi-bat-ki-kinh-thien-van-cho-thi-kinh-1-25inch-p173402796.html?itm_campaign=tiki-reco_UNK_DT_UNK_UNK_tiki-listing_UNK_p-category-mpid-listing-v1_202306150600_MD_batched_PID.173402797&itm_medium=CPC&itm_source=tiki-reco&spid=173402797,,,,Angeleyes,,2230000,0,[],"[{'code': 'delivery_info_badge', 'placement': 'delivery_info', 'text': 'Giao thứ 6, ngày 23/06', 'type': 'delivery_info_badge'}, {'code': 'asa_reward_html_badge', 'placement': 'under_price', 'text': 'Tặng tới 56 ASA (12k ₫)<br/>≈ 0.5% hoàn tiền', 'text_color': '#808089', 'type': 'asa_reward_html'}]",0,0,0,0,0,0,https://salt.tikicdn.com/cache/280x280/ts/product/90/79/8b/8b534dbc212eadd55ccb29618bf8d057.jpg,280,280,[],False,,False,3171,,,False,False,,,[],,,173402797,,,False,,,,2230000,True,"[{'impression_id': 'thanos-product-YYrdawSB6G8XE5cT', 'metadata': {'price': 2230000, 'rating_average': 0, 'reviews_count': 0, 'seller_product_id': 173402797}, 'checksum': ''}, {'impression_id': '84b7c063-a724-4221-946a-17e80e359d77', 'metadata': {'product_id': 3171, 'service_name': 'reco', 'version': 'p_category_mpid_listing_v1_202306150600'}, 'checksum': ''}]",,1,1/2/1801/28794/28804,0,46699
39,173070780,2192958976013,"Thị kính Celestron cho kính thiên văn loại cao cấp, góc rộng tiêu cự 2,3mm | Hàng chính hãng",thi-kinh-celestron-cho-kinh-thien-van-loai-cao-cap-goc-rong-tieu-cu-2-3mm-hang-chinh-hang-p173070780,thi-kinh-celestron-cho-kinh-thien-van-loai-cao-cap-goc-rong-tieu-cu-2-3mm-hang-chinh-hang-p173070780.html?itm_campaign=tiki-reco_UNK_DT_UNK_UNK_tiki-listing_UNK_p-category-mpid-listing-v1_202306150600_MD_batched_PID.173070781&itm_medium=CPC&itm_source=tiki-reco&spid=173070781,,,,Celestron,,3036000,0,[],"[{'code': 'delivery_info_badge', 'placement': 'delivery_info', 'text': 'Giao thứ 6, ngày 23/06', 'type': 'delivery_info_badge'}, {'code': 'asa_reward_html_badge', 'placement': 'under_price', 'text': 'Tặng tới 76 ASA (16k ₫)<br/>≈ 0.5% hoàn tiền', 'text_color': '#808089', 'type': 'asa_reward_html'}]",0,0,0,0,0,0,https://salt.tikicdn.com/cache/280x280/ts/product/95/a1/5f/97fa1b1fd916166fb47010d7c3e4de2e.jpg,280,280,[],False,,False,3171,,,False,False,,,[],,,173070781,,,False,,,,3036000,True,"[{'impression_id': 'thanos-product-sX7nPghJniHKisqF', 'metadata': {'price': 3036000, 'rating_average': 0, 'reviews_count': 0, 'seller_product_id': 173070781}, 'checksum': ''}, {'impression_id': '294944a8-5495-4990-aa64-163371921a25', 'metadata': {'product_id': 3171, 'service_name': 'reco', 'version': 'p_category_mpid_listing_v1_202306150600'}, 'checksum': ''}]",,1,1/2/1801/28794/28804,0,46699
40,174011218,3849232081589,"Gương chéo đảo ảnh 1,25 inch 45 độ dành cho kính thiên văn",guong-cheo-dao-anh-1-25-inch-45-do-danh-cho-kinh-thien-van-p174011218,guong-cheo-dao-anh-1-25-inch-45-do-danh-cho-kinh-thien-van-p174011218.html?itm_campaign=tiki-reco_UNK_DT_UNK_UNK_tiki-listing_UNK_p-category-mpid-listing-v1_202306150600_MD_batched_PID.174011219&itm_medium=CPC&itm_source=tiki-reco&spid=174011219,,,,OEM,,680000,0,[],"[{'code': 'delivery_info_badge', 'placement': 'delivery_info', 'text': 'Giao thứ 6, ngày 23/06', 'type': 'delivery_info_badge'}, {'code': 'asa_reward_html_badge', 'placement': 'under_price', 'text': 'Tặng tới 17 ASA (4k ₫)<br/>≈ 0.5% hoàn tiền', 'text_color': '#808089', 'type': 'asa_reward_html'}]",0,0,0,0,0,0,https://salt.tikicdn.com/cache/280x280/ts/product/96/bc/7f/7d1e3f2fc87f8ee856a43d8817b69563.jpg,280,280,[],False,,False,3171,,,False,False,,,[],,,174011219,,,False,,,,680000,True,"[{'impression_id': 'thanos-product-TAxi560SA9YZxM3p', 'metadata': {'price': 680000, 'rating_average': 0, 'reviews_count': 0, 'seller_product_id': 174011219}, 'checksum': ''}, {'impression_id': 'a80fccbc-072e-4ea6-a26a-6b0d5aa65e61', 'metadata': {'product_id': 3171, 'service_name': 'reco', 'version': 'p_category_mpid_listing_v1_202306150600'}, 'checksum': ''}]",,1,1/2/1801/28794/28804,0,46699
41,106738644,9985722401857,Cao cấp. Free phụ kiện. bộ 11 khung kính tặng đinh treo,cao-cap-free-phu-kien-bo-11-khung-kinh-tang-dinh-treo-p106738644,cao-cap-free-phu-kien-bo-11-khung-kinh-tang-dinh-treo-p106738644.html?itm_campaign=tiki-reco_UNK_DT_UNK_UNK_tiki-listing_UNK_p-category-mpid-listing-v1_202306150600_MD_batched_PID.106738652&itm_medium=CPC&itm_source=tiki-reco&spid=106738652,,,,OEM,,158000,0,[],"[{'code': 'delivery_info_badge', 'placement': 'delivery_info', 'text': 'Giao thứ 4, ngày 21/06', 'type': 'delivery_info_badge'}, {'code': 'asa_reward_html_badge', 'placement': 'under_price', 'text': 'Tặng tới 4 ASA (856 ₫)<br/>≈ 0.5% hoàn tiền', 'text_color': '#808089', 'type': 'asa_reward_html'}]",0,0,0,0,0,0,https://salt.tikicdn.com/cache/280x280/ts/product/73/c6/92/de1331713faab0c5de00c75d0ad747ca.jpg,280,280,[],False,,False,3171,,,False,False,,,[],,,106738652,,,False,,,,158000,True,"[{'impression_id': 'thanos-product-jNtL21jjfRIsS8Ky', 'metadata': {'price': 158000, 'rating_average': 0, 'reviews_count': 0, 'seller_product_id': 106738652}, 'checksum': ''}, {'impression_id': 'fa393c4a-7af7-4f94-b89d-9b73265fc3c8', 'metadata': {'product_id': 3171, 'service_name': 'reco', 'version': 'p_category_mpid_listing_v1_202306150600'}, 'checksum': ''}]",,1,1/2/1801/28794/28804,0,183877
42,113391694,4181131922092,"Bộ kết nối điện thoại thông minh đa năng, cao cấp HookUpz 2.0, IS-200 - Hàng chính hãng",bo-ket-noi-dien-thoai-thong-minh-da-nang-cao-cap-hookupz-2-0-is-200-hang-chinh-hang-p113391694,bo-ket-noi-dien-thoai-thong-minh-da-nang-cao-cap-hookupz-2-0-is-200-hang-chinh-hang-p113391694.html?itm_campaign=tiki-reco_UNK_DT_UNK_UNK_tiki-listing_UNK_p-category-mpid-listing-v1_202306150600_MD_batched_PID.113391695&itm_medium=CPC&itm_source=tiki-reco&spid=113391695,,,,Carson,,2080000,0,[],"[{'code': 'delivery_info_badge', 'placement': 'delivery_info', 'text': 'Giao thứ 4, ngày 21/06', 'type': 'delivery_info_badge'}, {'code': 'asa_reward_html_badge', 'placement': 'under_price', 'text': 'Tặng tới 52 ASA (11k ₫)<br/>≈ 0.5% hoàn tiền', 'text_color': '#808089', 'type': 'asa_reward_html'}]",0,0,0,0,0,0,https://salt.tikicdn.com/cache/280x280/ts/product/54/6b/b3/0ac6ce48af3e1b6debecc6cada976568.jpg,280,280,[],False,,False,3171,,,False,False,,,[],,,113391695,,,False,,,,2080000,True,"[{'impression_id': 'thanos-product-8uTYuhtcKAOYF5aE', 'metadata': {'price': 2080000, 'rating_average': 0, 'reviews_count': 0, 'seller_product_id': 113391695}, 'checksum': ''}, {'impression_id': '9dc43748-f973-4635-9d42-b4cafb11c0b3', 'metadata': {'product_id': 3171, 'service_name': 'reco', 'version': 'p_category_mpid_listing_v1_202306150600'}, 'checksum': ''}]",,1,1/2/1801/28794/28804,0,5629
43,107615389,2267039166450,Kính thể thao ngoài trời Kính xe máy Kính trượt tuyết X400  - Nhiều Màu,kinh-the-thao-ngoai-troi-kinh-xe-may-kinh-truot-tuyet-x400-nhieu-mau-p107615389,kinh-the-thao-ngoai-troi-kinh-xe-may-kinh-truot-tuyet-x400-nhieu-mau-p107615389.html?itm_campaign=tiki-reco_UNK_DT_UNK_UNK_tiki-listing_UNK_p-category-mpid-listing-v1_202306150600_MD_batched_PID.107615394&itm_medium=CPC&itm_source=tiki-reco&spid=107615394,,,,OEM,,29000,0,[],"[{'code': 'delivery_info_badge', 'placement': 'delivery_info', 'text': 'Giao thứ 3, ngày 20/06', 'type': 'delivery_info_badge'}, {'code': 'asa_reward_badge', 'icon': 'https://salt.tikicdn.com/ts/upload/d6/51/17/cde193f3d0f6da18147a739247c95c93.png', 'icon_height': 20, 'icon_width': 53, 'placement': 'bottom', 'type': 'asa_reward'}, {'code': 'asa_reward_html_badge', 'placement': 'under_price', 'text': 'Tặng tới 6 ASA (1k ₫)<br/>≈ 4.2% hoàn tiền', 'text_color': '#808089', 'type': 'asa_reward_html'}]",0,0,0,0,0,0,https://salt.tikicdn.com/cache/280x280/ts/product/4c/b3/42/274a206a7695b91e767e10dc5735ea25.jpg,280,280,[],False,,False,3171,,,False,False,,,[],,,107615394,,,False,,,,29000,True,"[{'impression_id': 'thanos-product-KqlBik2z34WFAFaR', 'metadata': {'price': 29000, 'rating_average': 0, 'reviews_count': 0, 'seller_product_id': 107615394}, 'checksum': ''}, {'impression_id': 'd5f77417-09fc-4d8e-8e0a-905507ad4d61', 'metadata': {'product_id': 3171, 'service_name': 'reco', 'version': 'p_category_mpid_listing_v1_202306150600'}, 'checksum': ''}]",,1,1/2/1801/28794/28804,0,82720
44,173350093,4941801689720,"Thị kính Celestron X-Cel LX 9mm phụ kiện dành cho kính thiên văn phù hợp với loại 1,25inch | Hàng chính hãng - Thương hiệu Mỹ - Loại cao cấp",thi-kinh-celestron-x-cel-lx-9mm-phu-kien-danh-cho-kinh-thien-van-phu-hop-voi-loai-1-25inch-hang-chinh-hang-thuong-hieu-my-loai-cao-cap-p173350093,thi-kinh-celestron-x-cel-lx-9mm-phu-kien-danh-cho-kinh-thien-van-phu-hop-voi-loai-1-25inch-hang-chinh-hang-thuong-hieu-my-loai-cao-cap-p173350093.html?itm_campaign=tiki-reco_UNK_DT_UNK_UNK_tiki-listing_UNK_p-category-mpid-listing-v1_202306150600_MD_batched_PID.173350094&itm_medium=CPC&itm_source=tiki-reco&spid=173350094,,,,Celestron,,3036000,0,[],"[{'code': 'delivery_info_badge', 'placement': 'delivery_info', 'text': 'Giao thứ 6, ngày 23/06', 'type': 'delivery_info_badge'}, {'code': 'asa_reward_html_badge', 'placement': 'under_price', 'text': 'Tặng tới 76 ASA (16k ₫)<br/>≈ 0.5% hoàn tiền', 'text_color': '#808089', 'type': 'asa_reward_html'}]",0,0,0,0,0,0,https://salt.tikicdn.com/cache/280x280/ts/product/d0/87/96/186dc5e20b7c7b167edffb70c49c2e4d.jpg,280,280,[],False,,False,3171,,,False,False,,,[],,,173350094,,,False,,,,3036000,True,"[{'impression_id': 'thanos-product-w7hPVkytTyZDKH1w', 'metadata': {'price': 3036000, 'rating_average': 0, 'reviews_count': 0, 'seller_product_id': 173350094}, 'checksum': ''}, {'impression_id': '13ae061c-d035-4a83-95ed-0f868fdce427', 'metadata': {'product_id': 3171, 'service_name': 'reco', 'version': 'p_category_mpid_listing_v1_202306150600'}, 'checksum': ''}]",,1,1/2/1801/28794/28804,0,46699
45,173347728,6881457203679,"Thị kính cao cấp Celestron 5mm | Hàng chính hãng - Thương hiệu Mỹ - Phụ kiện dành cho kính thiên văn phù hợp với loại 1,25 inch",thi-kinh-cao-cap-celestron-5mm-hang-chinh-hang-thuong-hieu-my-phu-kien-danh-cho-kinh-thien-van-phu-hop-voi-loai-1-25-inch-p173347728,thi-kinh-cao-cap-celestron-5mm-hang-chinh-hang-thuong-hieu-my-phu-kien-danh-cho-kinh-thien-van-phu-hop-voi-loai-1-25-inch-p173347728.html?itm_campaign=tiki-reco_UNK_DT_UNK_UNK_tiki-listing_UNK_p-category-mpid-listing-v1_202306150600_MD_batched_PID.173347729&itm_medium=CPC&itm_source=tiki-reco&spid=173347729,,,,Celestron,,3036000,0,[],"[{'code': 'delivery_info_badge', 'placement': 'delivery_info', 'text': 'Giao thứ 6, ngày 23/06', 'type': 'delivery_info_badge'}, {'code': 'asa_reward_html_badge', 'placement': 'under_price', 'text': 'Tặng tới 76 ASA (16k ₫)<br/>≈ 0.5% hoàn tiền', 'text_color': '#808089', 'type': 'asa_reward_html'}]",0,0,0,0,0,0,https://salt.tikicdn.com/cache/280x280/ts/product/df/c4/5a/5b809883ef9386b6cea5a48334316846.jpg,280,280,[],False,,False,3171,,,False,False,,,[],,,173347729,,,False,,,,3036000,True,"[{'impression_id': 'thanos-product-ctcdqTglfuAnNXM9', 'metadata': {'price': 3036000, 'rating_average': 0, 'reviews_count': 0, 'seller_product_id': 173347729}, 'checksum': ''}, {'impression_id': 'd193751c-6f0d-4efa-805d-845bc37429b7', 'metadata': {'product_id': 3171, 'service_name': 'reco', 'version': 'p_category_mpid_listing_v1_202306150600'}, 'checksum': ''}]",,1,1/2/1801/28794/28804,0,46699
46,173372394,5985040430421,"Bộ chuyển đổi giúp gắn máy ảnh vào kính thiên văn, phù hợp với loại kính thiên văn cho thị kính 1,25inch",bo-chuyen-doi-giup-gan-may-anh-vao-kinh-thien-van-phu-hop-voi-loai-kinh-thien-van-cho-thi-kinh-1-25inch-p173372394,bo-chuyen-doi-giup-gan-may-anh-vao-kinh-thien-van-phu-hop-voi-loai-kinh-thien-van-cho-thi-kinh-1-25inch-p173372394.html?itm_campaign=tiki-reco_UNK_DT_UNK_UNK_tiki-listing_UNK_p-category-mpid-listing-v1_202306150600_MD_batched_PID.173372396&itm_medium=CPC&itm_source=tiki-reco&spid=173372396,,,,OEM,,286000,0,[],"[{'code': 'option_color', 'placement': 'under_rating', 'text': 'Nhiều màu', 'type': 'under_rating_text'}, {'code': 'delivery_info_badge', 'placement': 'delivery_info', 'text': 'Giao thứ 6, ngày 23/06', 'type': 'delivery_info_badge'}, {'code': 'asa_reward_html_badge', 'placement': 'under_price', 'text': 'Tặng tới 7 ASA (2k ₫)<br/>≈ 0.5% hoàn tiền', 'text_color': '#808089', 'type': 'asa_reward_html'}]",0,0,0,0,0,0,https://salt.tikicdn.com/cache/280x280/ts/product/16/d3/39/fb2a78b16e27a4ea7d6e457e579145c6.jpg,280,280,[],False,,False,3171,,,False,False,,,[],,,173372396,,,False,,,,286000,True,"[{'impression_id': 'thanos-product-2y9NZaTkbEjn5x4W', 'metadata': {'price': 286000, 'rating_average': 0, 'reviews_count': 0, 'seller_product_id': 173372396}, 'checksum': ''}, {'impression_id': '6fa85796-273a-4e2b-b9d1-673f8e22a9cf', 'metadata': {'product_id': 3171, 'service_name': 'reco', 'version': 'p_category_mpid_listing_v1_202306150600'}, 'checksum': ''}]",,1,1/2/1801/28794/28804,0,46699
47,37941826,3067075634315,Camera Bosma 200W độ phân giải HD chính hãng,camera-bosma-200w-do-phan-giai-hd-chinh-hang-p37941826,camera-bosma-200w-do-phan-giai-hd-chinh-hang-p37941826.html?itm_campaign=tiki-reco_UNK_DT_UNK_UNK_tiki-listing_UNK_p-category-mpid-listing-v1_202306150600_MD_batched_PID.37941827&itm_medium=CPC&itm_source=tiki-reco&spid=37941827,,,,BOSMA,,1591000,0,[],"[{'code': 'delivery_info_badge', 'placement': 'delivery_info', 'text': 'Giao thứ 6, ngày 23/06', 'type': 'delivery_info_badge'}, {'code': 'asa_reward_html_badge', 'placement': 'under_price', 'text': 'Tặng tới 40 ASA (9k ₫)<br/>≈ 0.5% hoàn tiền', 'text_color': '#808089', 'type': 'asa_reward_html'}]",0,0,0,0,0,0,https://salt.tikicdn.com/cache/280x280/ts/product/34/1f/d4/02ebccf542c091a87f0afad72b4d6804.png,280,280,[],False,,False,3171,,,False,False,,,[],,,37941827,,,False,,,,1591000,True,"[{'impression_id': 'thanos-product-wNpGdeN1wxDhrEU8', 'metadata': {'price': 1591000, 'rating_average': 0, 'reviews_count': 0, 'seller_product_id': 37941827}, 'checksum': ''}, {'impression_id': '287b02e5-3171-49c4-802d-0bb54c79dba0', 'metadata': {'product_id': 3171, 'service_name': 'reco', 'version': 'p_category_mpid_listing_v1_202306150600'}, 'checksum': ''}]",,1,1/2/1801/28794/28804,0,46699
48,251401749,3396444838439,Vật kính giá rẻ cho kính hiển vi XSP-13A / XSP-02 | Hàng Chính Hãng,vat-kinh-gia-re-cho-kinh-hien-vi-xsp-13a-xsp-02-hang-chinh-hang-p251401749,vat-kinh-gia-re-cho-kinh-hien-vi-xsp-13a-xsp-02-hang-chinh-hang-p251401749.html?itm_campaign=tiki-reco_UNK_DT_UNK_UNK_tiki-listing_UNK_p-category-mpid-listing-v1_202306150600_MD_batched_PID.251401751&itm_medium=CPC&itm_source=tiki-reco&spid=251401751,,,,Shine A,,411765,0,[],"[{'code': 'delivery_info_badge', 'placement': 'delivery_info', 'text': 'Giao thứ 5, ngày 22/06', 'type': 'delivery_info_badge'}, {'code': 'asa_reward_html_badge', 'placement': 'under_price', 'text': 'Tặng tới 10 ASA (2k ₫)<br/>≈ 0.5% hoàn tiền', 'text_color': '#808089', 'type': 'asa_reward_html'}]",0,0,0,0,0,0,https://salt.tikicdn.com/cache/280x280/ts/product/1a/57/d6/06d90da0ff7b0585b55998c93d819aab.png,280,280,[],False,,False,3171,,,False,False,,,[],,,251401751,,,False,,,,411765,True,"[{'impression_id': 'thanos-product-wFbfBNGdHaS8j5WE', 'metadata': {'price': 411765, 'rating_average': 0, 'reviews_count': 0, 'seller_product_id': 251401751}, 'checksum': ''}, {'impression_id': 'b2763339-ecd4-422b-953c-8f3fd701976f', 'metadata': {'product_id': 3171, 'service_name': 'reco', 'version': 'p_category_mpid_listing_v1_202306150600'}, 'checksum': ''}]",,1,1/2/1801/28794/28804,0,302275
49,252411330,9709727404268,Màn hình Ép kính thay thế cho IP XR,man-hinh-zin-ep-kinh-thay-the-cho-ip-xr-p252411330,man-hinh-zin-ep-kinh-thay-the-cho-ip-xr-p252411330.html?itm_campaign=tiki-reco_UNK_DT_UNK_UNK_tiki-listing_UNK_p-category-mpid-listing-v1_202306150600_MD_batched_PID.252411331&itm_medium=CPC&itm_source=tiki-reco&spid=252411331,,,,OEM,,910000,0,[],"[{'code': 'delivery_info_badge', 'placement': 'delivery_info', 'text': 'Giao thứ 3, ngày 20/06', 'type': 'delivery_info_badge'}, {'code': 'asa_reward_html_badge', 'placement': 'under_price', 'text': 'Tặng tới 23 ASA (5k ₫)<br/>≈ 0.5% hoàn tiền', 'text_color': '#808089', 'type': 'asa_reward_html'}]",0,0,0,0,0,0,https://salt.tikicdn.com/cache/280x280/ts/product/c8/5a/a5/8c39c15f2cb703c5e5371b342e726c39.jpg,280,280,[],False,,False,3171,,,False,False,,,[],,,252411331,,,False,,,,910000,True,"[{'impression_id': 'thanos-product-ovoHdsxa7R0y62FC', 'metadata': {'price': 910000, 'rating_average': 0, 'reviews_count': 0, 'seller_product_id': 252411331}, 'checksum': ''}, {'impression_id': '31093cf3-54e7-4691-a09a-c814550c2f51', 'metadata': {'product_id': 3171, 'service_name': 'reco', 'version': 'p_category_mpid_listing_v1_202306150600'}, 'checksum': ''}]",,1,1/2/1801/28794/28804,0,282858
50,253663082,1699345054344,Kính xem phim 3D,kinh-xem-phim-3d-p253663082,kinh-xem-phim-3d-p253663082.html?itm_campaign=tiki-reco_UNK_DT_UNK_UNK_tiki-listing_UNK_p-category-mpid-listing-v1_202306150600_MD_batched_PID.253663083&itm_medium=CPC&itm_source=tiki-reco&spid=253663083,,,,OEM,,259999,0,[],"[{'code': 'delivery_info_badge', 'placement': 'delivery_info', 'text': 'Giao thứ 3, ngày 20/06', 'type': 'delivery_info_badge'}, {'code': 'asa_reward_badge', 'icon': 'https://salt.tikicdn.com/ts/upload/d6/51/17/cde193f3d0f6da18147a739247c95c93.png', 'icon_height': 20, 'icon_width': 53, 'placement': 'bottom', 'type': 'asa_reward'}, {'code': 'asa_reward_html_badge', 'placement': 'under_price', 'text': 'Tặng tới 51 ASA (11k ₫)<br/>≈ 4.2% hoàn tiền', 'text_color': '#808089', 'type': 'asa_reward_html'}]",0,0,0,0,0,0,https://salt.tikicdn.com/cache/280x280/ts/product/e8/9d/0d/20780bb46e70b55124e61028b9b6f0c8.jpg,280,280,[],False,,False,3171,,,False,False,,,[],,,253663083,,,False,,,,259999,True,"[{'impression_id': 'thanos-product-muK2dIcAWKYar8HC', 'metadata': {'price': 259999, 'rating_average': 0, 'reviews_count': 0, 'seller_product_id': 253663083}, 'checksum': ''}, {'impression_id': 'b627c669-4213-4279-a658-75c8dbd83dc2', 'metadata': {'product_id': 3171, 'service_name': 'reco', 'version': 'p_category_mpid_listing_v1_202306150600'}, 'checksum': ''}]",,1,1/2/1801/28794/28804,0,199710
51,214503175,8027839343239,LĂNG KÍNH BẢO VỆ D27.9*4.1 ( Fiber Laser ),lang-kinh-bao-ve-d27-9-4-1-p214503175,lang-kinh-bao-ve-d27-9-4-1-p214503175.html?itm_campaign=tiki-reco_UNK_DT_UNK_UNK_tiki-listing_UNK_p-category-mpid-listing-v1_202306150600_MD_batched_PID.214503176&itm_medium=CPC&itm_source=tiki-reco&spid=214503176,,,,No Brand,,150000,0,[],"[{'code': 'delivery_info_badge', 'placement': 'delivery_info', 'text': 'Thanh toán qua thẻ & ví', 'type': 'delivery_info_badge'}, {'code': 'asa_reward_html_badge', 'placement': 'under_price', 'text': 'Tặng tới 4 ASA (813 ₫)<br/>≈ 0.5% hoàn tiền', 'text_color': '#808089', 'type': 'asa_reward_html'}]",0,0,0,0,0,0,https://salt.tikicdn.com/cache/280x280/ts/product/15/89/ca/a5587b1f58c0cb94532506e1f6f2b6ca.jpg,280,280,[],False,,False,3171,,,False,False,,,[],,,214503176,,,False,,,,150000,True,"[{'impression_id': 'thanos-product-ykKfogWH91VLkeEM', 'metadata': {'price': 150000, 'rating_average': 0, 'reviews_count': 0, 'seller_product_id': 214503176}, 'checksum': ''}, {'impression_id': 'aed40925-3fcf-46e5-8f3d-2d8af24f6508', 'metadata': {'product_id': 3171, 'service_name': 'reco', 'version': 'p_category_mpid_listing_v1_202306150600'}, 'checksum': ''}]",,1,1/2/1801/28794/28804,0,309050
52,251395537,7065644373443,Đèn Râu Đôi Halogen | Model: XD-301 | Hàng Chính Hãng,den-rau-doi-halogen-model-xd-301-hang-chinh-hang-p251395537,den-rau-doi-halogen-model-xd-301-hang-chinh-hang-p251395537.html?itm_campaign=tiki-reco_UNK_DT_UNK_UNK_tiki-listing_UNK_p-category-mpid-listing-v1_202306150600_MD_batched_PID.251395538&itm_medium=CPC&itm_source=tiki-reco&spid=251395538,,,,Shine A,,4499000,0,[],"[{'code': 'delivery_info_badge', 'placement': 'delivery_info', 'text': 'Giao thứ 5, ngày 22/06', 'type': 'delivery_info_badge'}, {'code': 'asa_reward_html_badge', 'placement': 'under_price', 'text': 'Tặng tới 112 ASA (24k ₫)<br/>≈ 0.5% hoàn tiền', 'text_color': '#808089', 'type': 'asa_reward_html'}]",0,0,0,0,0,0,https://salt.tikicdn.com/cache/280x280/ts/product/a3/4f/03/812068313b893dffd60b36b31ec7fedb.png,280,280,[],False,,False,3171,,,False,False,,,[],,,251395538,,,False,,,,4499000,True,"[{'impression_id': 'thanos-product-dBi4pUcwDOhQCPIB', 'metadata': {'price': 4499000, 'rating_average': 0, 'reviews_count': 0, 'seller_product_id': 251395538}, 'checksum': ''}, {'impression_id': 'e8917483-88a5-4cdd-9178-a0e2faaa716a', 'metadata': {'product_id': 3171, 'service_name': 'reco', 'version': 'p_category_mpid_listing_v1_202306150600'}, 'checksum': ''}]",,1,1/2/1801/28794/28804,0,302275
53,251335962,4529906471412,Lam Kính | 50 Tấm ,lam-kinh-isolab-duc-50-tam-p251335962,lam-kinh-isolab-duc-50-tam-p251335962.html?itm_campaign=tiki-reco_UNK_DT_UNK_UNK_tiki-listing_UNK_p-category-mpid-listing-v1_202306150600_MD_batched_PID.251335963&itm_medium=CPC&itm_source=tiki-reco&spid=251335963,,,,OEM,,45882,0,[],"[{'code': 'delivery_info_badge', 'placement': 'delivery_info', 'text': 'Giao thứ 5, ngày 22/06', 'type': 'delivery_info_badge'}, {'code': 'asa_reward_html_badge', 'placement': 'under_price', 'text': 'Tặng tới 1 ASA (249 ₫)<br/>≈ 0.5% hoàn tiền', 'text_color': '#808089', 'type': 'asa_reward_html'}]",0,0,0,0,0,0,https://salt.tikicdn.com/cache/280x280/ts/product/11/bb/45/c42e982247f8b2e8b1c2730295ffce7c.png,280,280,[],False,,False,3171,,,False,False,,,[],,,251335963,,,False,,,,45882,True,"[{'impression_id': 'thanos-product-tgeZuJ7eoucrZswV', 'metadata': {'price': 45882, 'rating_average': 0, 'reviews_count': 0, 'seller_product_id': 251335963}, 'checksum': ''}, {'impression_id': 'fc2564e2-733c-4ef7-9e34-906ea54a590f', 'metadata': {'product_id': 3171, 'service_name': 'reco', 'version': 'p_category_mpid_listing_v1_202306150600'}, 'checksum': ''}]",,1,1/2/1801/28794/28804,0,302275
54,251382493,6460654158097,Camera Chuyên Dụng Cho Kính Hiển Vi CCD-14MP | Hàng Chính Hãng,camera-chuyen-dung-cho-kinh-hien-vi-ccd-14mp-hang-chinh-hang-p251382493,camera-chuyen-dung-cho-kinh-hien-vi-ccd-14mp-hang-chinh-hang-p251382493.html?itm_campaign=tiki-reco_UNK_DT_UNK_UNK_tiki-listing_UNK_p-category-mpid-listing-v1_202306150600_MD_batched_PID.251382496&itm_medium=CPC&itm_source=tiki-reco&spid=251382496,,,,LABEX,,4699000,0,[],"[{'code': 'delivery_info_badge', 'placement': 'delivery_info', 'text': 'Giao thứ 5, ngày 22/06', 'type': 'delivery_info_badge'}, {'code': 'asa_reward_html_badge', 'placement': 'under_price', 'text': 'Tặng tới 117 ASA (25k ₫)<br/>≈ 0.5% hoàn tiền', 'text_color': '#808089', 'type': 'asa_reward_html'}]",0,0,0,0,0,0,https://salt.tikicdn.com/cache/280x280/ts/product/80/bc/c3/c113c1e1bb24acd555bfd87ef0566ca5.png,280,280,[],False,,False,3171,,,False,False,,,[],,,251382496,,,False,,,,4699000,True,"[{'impression_id': 'thanos-product-shbWEVELWF1mZtfY', 'metadata': {'price': 4699000, 'rating_average': 0, 'reviews_count': 0, 'seller_product_id': 251382496}, 'checksum': ''}, {'impression_id': 'dc155ce6-76ab-4614-8331-2954dc4f819a', 'metadata': {'product_id': 3171, 'service_name': 'reco', 'version': 'p_category_mpid_listing_v1_202306150600'}, 'checksum': ''}]",,1,1/2/1801/28794/28804,0,302275
55,251395726,3853583484951,Đèn LED Ring Cho Kính Hiển Vi Soi Nổi | Model: PHLED64-I | Hàng Chính Hãng,den-led-ring-cho-kinh-hien-vi-soi-noi-model-phled64-i-hang-chinh-hang-p251395726,den-led-ring-cho-kinh-hien-vi-soi-noi-model-phled64-i-hang-chinh-hang-p251395726.html?itm_campaign=tiki-reco_UNK_DT_UNK_UNK_tiki-listing_UNK_p-category-mpid-listing-v1_202306150600_MD_batched_PID.251395727&itm_medium=CPC&itm_source=tiki-reco&spid=251395727,,,,Shine A,,599000,0,[],"[{'code': 'delivery_info_badge', 'placement': 'delivery_info', 'text': 'Giao thứ 5, ngày 22/06', 'type': 'delivery_info_badge'}, {'code': 'asa_reward_html_badge', 'placement': 'under_price', 'text': 'Tặng tới 15 ASA (3k ₫)<br/>≈ 0.5% hoàn tiền', 'text_color': '#808089', 'type': 'asa_reward_html'}]",0,0,0,0,0,0,https://salt.tikicdn.com/cache/280x280/ts/product/e2/ba/34/3e66df3a28d0bf7b429d8353cb12cbad.png,280,280,[],False,,False,3171,,,False,False,,,[],,,251395727,,,False,,,,599000,True,"[{'impression_id': 'thanos-product-ZtBVFDmItUdO0s8y', 'metadata': {'price': 599000, 'rating_average': 0, 'reviews_count': 0, 'seller_product_id': 251395727}, 'checksum': ''}, {'impression_id': '641c779d-b2e3-40c5-a25b-ba3a04babc58', 'metadata': {'product_id': 3171, 'service_name': 'reco', 'version': 'p_category_mpid_listing_v1_202306150600'}, 'checksum': ''}]",,1,1/2/1801/28794/28804,0,302275
56,251395829,2535950232896,Camera Kèm Màn Hình 9.7 inch Scopepad-LX97 | Hàng Chính Hãng,camera-kem-man-hinh-9-7-inch-scopepad-lx97-chuyen-dung-cho-kinh-hien-vi-hang-chinh-hang-p251395829,camera-kem-man-hinh-9-7-inch-scopepad-lx97-chuyen-dung-cho-kinh-hien-vi-hang-chinh-hang-p251395829.html?itm_campaign=tiki-reco_UNK_DT_UNK_UNK_tiki-listing_UNK_p-category-mpid-listing-v1_202306150600_MD_batched_PID.251395830&itm_medium=CPC&itm_source=tiki-reco&spid=251395830,,,,LABEX,,10555000,0,[],"[{'code': 'delivery_info_badge', 'placement': 'delivery_info', 'text': 'Giao thứ 5, ngày 22/06', 'type': 'delivery_info_badge'}, {'code': 'asa_reward_html_badge', 'placement': 'under_price', 'text': 'Tặng tới 264 ASA (57k ₫)<br/>≈ 0.5% hoàn tiền', 'text_color': '#808089', 'type': 'asa_reward_html'}]",0,0,0,0,0,0,https://salt.tikicdn.com/cache/280x280/ts/product/80/46/21/153626e92a15f1de5ada1fb3b97b1a54.png,280,280,[],False,,False,3171,,,False,False,,,[],,,251395830,,,False,,,,10555000,True,"[{'impression_id': 'thanos-product-cwbidVFnouRBR7PD', 'metadata': {'price': 10555000, 'rating_average': 0, 'reviews_count': 0, 'seller_product_id': 251395830}, 'checksum': ''}, {'impression_id': 'fcbb52e3-71fa-47f3-a537-b313d22b5a7a', 'metadata': {'product_id': 3171, 'service_name': 'reco', 'version': 'p_category_mpid_listing_v1_202306150600'}, 'checksum': ''}]",,1,1/2/1801/28794/28804,0,302275
57,251380076,6660727399932,Đèn LED Ring Cho Kính Hiển Vi Soi Nổi WR-56HW | Hàng Chính Hãng,den-led-ring-cho-kinh-hien-vi-soi-noi-wr-56hw-hang-chinh-hang-p251380076,den-led-ring-cho-kinh-hien-vi-soi-noi-wr-56hw-hang-chinh-hang-p251380076.html?itm_campaign=tiki-reco_UNK_DT_UNK_UNK_tiki-listing_UNK_p-category-mpid-listing-v1_202306150600_MD_batched_PID.251380077&itm_medium=CPC&itm_source=tiki-reco&spid=251380077,,,,Shine A,,469412,0,[],"[{'code': 'delivery_info_badge', 'placement': 'delivery_info', 'text': 'Giao thứ 5, ngày 22/06', 'type': 'delivery_info_badge'}, {'code': 'asa_reward_html_badge', 'placement': 'under_price', 'text': 'Tặng tới 12 ASA (3k ₫)<br/>≈ 0.5% hoàn tiền', 'text_color': '#808089', 'type': 'asa_reward_html'}]",0,0,0,0,0,0,https://salt.tikicdn.com/cache/280x280/ts/product/8c/e5/50/9dd5fb408f999cdcdcd08f3cfa34968e.png,280,280,[],False,,False,3171,,,False,False,,,[],,,251380077,,,False,,,,469412,True,"[{'impression_id': 'thanos-product-ai64HdBPvSt02cUc', 'metadata': {'price': 469412, 'rating_average': 0, 'reviews_count': 0, 'seller_product_id': 251380077}, 'checksum': ''}, {'impression_id': 'f223b41b-5d76-4aa7-96ac-b129e0037309', 'metadata': {'product_id': 3171, 'service_name': 'reco', 'version': 'p_category_mpid_listing_v1_202306150600'}, 'checksum': ''}]",,1,1/2/1801/28794/28804,0,302275
58,252411298,6144844384188,Màn hình Ép kính thay thế cho IP 13,man-hinh-zin-ep-kinh-thay-the-cho-ip-13-p252411298,man-hinh-zin-ep-kinh-thay-the-cho-ip-13-p252411298.html?itm_campaign=tiki-reco_UNK_DT_UNK_UNK_tiki-listing_UNK_p-category-mpid-listing-v1_202306150600_MD_batched_PID.252411305&itm_medium=CPC&itm_source=tiki-reco&spid=252411305,,,,OEM,,3610000,0,[],"[{'code': 'delivery_info_badge', 'placement': 'delivery_info', 'text': 'Giao thứ 3, ngày 20/06', 'type': 'delivery_info_badge'}, {'code': 'asa_reward_html_badge', 'placement': 'under_price', 'text': 'Tặng tới 90 ASA (20k ₫)<br/>≈ 0.5% hoàn tiền', 'text_color': '#808089', 'type': 'asa_reward_html'}]",0,0,0,0,0,0,https://salt.tikicdn.com/cache/280x280/ts/product/cc/b6/fb/1502d94b35c8010ce673db34f38a9e6c.jpg,280,280,[],False,,False,3171,,,False,False,,,[],,,252411305,,,False,,,,3610000,True,"[{'impression_id': 'thanos-product-4m15oEUxuqQKXR6S', 'metadata': {'price': 3610000, 'rating_average': 0, 'reviews_count': 0, 'seller_product_id': 252411305}, 'checksum': ''}, {'impression_id': '65e6620d-f7db-4a61-9271-4712e4c8b640', 'metadata': {'product_id': 3171, 'service_name': 'reco', 'version': 'p_category_mpid_listing_v1_202306150600'}, 'checksum': ''}]",,1,1/2/1801/28794/28804,0,282858
59,251401933,9031802334576,Vật kính giá rẻ cho kính hiển vi XSZ-107 / XSP-15 | Hàng Chính Hãng,vat-kinh-gia-re-cho-kinh-hien-vi-xsz-107-xsp-15-hang-chinh-hang-p251401933,vat-kinh-gia-re-cho-kinh-hien-vi-xsz-107-xsp-15-hang-chinh-hang-p251401933.html?itm_campaign=tiki-reco_UNK_DT_UNK_UNK_tiki-listing_UNK_p-category-mpid-listing-v1_202306150600_MD_batched_PID.251401935&itm_medium=CPC&itm_source=tiki-reco&spid=251401935,,,,Shine A,,647055,0,[],"[{'code': 'delivery_info_badge', 'placement': 'delivery_info', 'text': 'Giao thứ 5, ngày 22/06', 'type': 'delivery_info_badge'}, {'code': 'asa_reward_html_badge', 'placement': 'under_price', 'text': 'Tặng tới 16 ASA (4k ₫)<br/>≈ 0.5% hoàn tiền', 'text_color': '#808089', 'type': 'asa_reward_html'}]",0,0,0,0,0,0,https://salt.tikicdn.com/cache/280x280/ts/product/1a/57/d6/b0e7c0af61d6b5ca4287bef37c733a29.png,280,280,[],False,,False,3171,,,False,False,,,[],,,251401935,,,False,,,,647055,True,"[{'impression_id': 'thanos-product-a4ptqgXMKNMmJlSl', 'metadata': {'price': 647055, 'rating_average': 0, 'reviews_count': 0, 'seller_product_id': 251401935}, 'checksum': ''}, {'impression_id': '989de1b5-5d3e-443d-9eec-efd51f26ae67', 'metadata': {'product_id': 3171, 'service_name': 'reco', 'version': 'p_category_mpid_listing_v1_202306150600'}, 'checksum': ''}]",,1,1/2/1801/28794/28804,0,302275
60,251382424,9275393084126,Bộ Camera 16MP Tích Hợp Màn Hình 10.1 Inch CCD-1016M | Hàng Chính Hãng,bo-camera-16mp-tich-hop-man-hinh-10-1-inch-ccd-1016m-hang-chinh-hang-p251382424,bo-camera-16mp-tich-hop-man-hinh-10-1-inch-ccd-1016m-hang-chinh-hang-p251382424.html?itm_campaign=tiki-reco_UNK_DT_UNK_UNK_tiki-listing_UNK_p-category-mpid-listing-v1_202306150600_MD_batched_PID.251382425&itm_medium=CPC&itm_source=tiki-reco&spid=251382425,,,,LABEX,,7700000,0,[],"[{'code': 'delivery_info_badge', 'placement': 'delivery_info', 'text': 'Giao thứ 5, ngày 22/06', 'type': 'delivery_info_badge'}, {'code': 'asa_reward_html_badge', 'placement': 'under_price', 'text': 'Tặng tới 193 ASA (42k ₫)<br/>≈ 0.5% hoàn tiền', 'text_color': '#808089', 'type': 'asa_reward_html'}]",0,0,0,0,0,0,https://salt.tikicdn.com/cache/280x280/ts/product/02/37/44/5be3ec199af7ee806c661c1398f65f65.png,280,280,[],False,,False,3171,,,False,False,,,[],,,251382425,,,False,,,,7700000,True,"[{'impression_id': 'thanos-product-ALwfFpCnZVa1ont7', 'metadata': {'price': 7700000, 'rating_average': 0, 'reviews_count': 0, 'seller_product_id': 251382425}, 'checksum': ''}, {'impression_id': '62c9522d-6127-4cdf-826c-cf60f2dc895f', 'metadata': {'product_id': 3171, 'service_name': 'reco', 'version': 'p_category_mpid_listing_v1_202306150600'}, 'checksum': ''}]",,1,1/2/1801/28794/28804,0,302275
61,251401524,8181717529165,Thị Kính Cho Kính Hiển Vi Soi Nổi 20X | Model: WF20X-SZM | Hàng Chính Hãng,thi-kinh-cho-kinh-hien-vi-soi-noi-20x-model-wf20x-szm-hang-chinh-hang-p251401524,thi-kinh-cho-kinh-hien-vi-soi-noi-20x-model-wf20x-szm-hang-chinh-hang-p251401524.html?itm_campaign=tiki-reco_UNK_DT_UNK_UNK_tiki-listing_UNK_p-category-mpid-listing-v1_202306150600_MD_batched_PID.251401525&itm_medium=CPC&itm_source=tiki-reco&spid=251401525,,,,Shine A,,652941,0,[],"[{'code': 'delivery_info_badge', 'placement': 'delivery_info', 'text': 'Giao thứ 5, ngày 22/06', 'type': 'delivery_info_badge'}, {'code': 'asa_reward_html_badge', 'placement': 'under_price', 'text': 'Tặng tới 16 ASA (4k ₫)<br/>≈ 0.5% hoàn tiền', 'text_color': '#808089', 'type': 'asa_reward_html'}]",0,0,0,0,0,0,https://salt.tikicdn.com/cache/280x280/ts/product/f6/cc/73/de3d983f00f5028129d64031949cacf7.png,280,280,[],False,,False,3171,,,False,False,,,[],,,251401525,,,False,,,,652941,True,"[{'impression_id': 'thanos-product-0e2EtGftVyRfONht', 'metadata': {'price': 652941, 'rating_average': 0, 'reviews_count': 0, 'seller_product_id': 251401525}, 'checksum': ''}, {'impression_id': 'd6cf2df9-d22a-4c7b-a61d-f4ba01177115', 'metadata': {'product_id': 3171, 'service_name': 'reco', 'version': 'p_category_mpid_listing_v1_202306150600'}, 'checksum': ''}]",,1,1/2/1801/28794/28804,0,302275
62,251401410,7012069125227,Thị Kính Cho Kính Hiển Vi Soi Nổi 10X | Model: WF10X-SZM | Hàng Chính Hãng,thi-kinh-cho-kinh-hien-vi-soi-noi-trung-quoc-10x-20x-hang-chinh-hang-p251401410,thi-kinh-cho-kinh-hien-vi-soi-noi-trung-quoc-10x-20x-hang-chinh-hang-p251401410.html?itm_campaign=tiki-reco_UNK_DT_UNK_UNK_tiki-listing_UNK_p-category-mpid-listing-v1_202306150600_MD_batched_PID.251401411&itm_medium=CPC&itm_source=tiki-reco&spid=251401411,,,,Shine A,,350000,0,[],"[{'code': 'delivery_info_badge', 'placement': 'delivery_info', 'text': 'Giao thứ 5, ngày 22/06', 'type': 'delivery_info_badge'}, {'code': 'asa_reward_html_badge', 'placement': 'under_price', 'text': 'Tặng tới 9 ASA (2k ₫)<br/>≈ 0.5% hoàn tiền', 'text_color': '#808089', 'type': 'asa_reward_html'}]",0,0,0,0,0,0,https://salt.tikicdn.com/cache/280x280/ts/product/f6/cc/73/f21d87e231002c10d5c89aba11fd298e.png,280,280,[],False,,False,3171,,,False,False,,,[],,,251401411,,,False,,,,350000,True,"[{'impression_id': 'thanos-product-eRjhWSZMdu5ZR1Zz', 'metadata': {'price': 350000, 'rating_average': 0, 'reviews_count': 0, 'seller_product_id': 251401411}, 'checksum': ''}, {'impression_id': '3da964ed-03b3-41ea-8b3d-e05729a1b8a4', 'metadata': {'product_id': 3171, 'service_name': 'reco', 'version': 'p_category_mpid_listing_v1_202306150600'}, 'checksum': ''}]",,1,1/2/1801/28794/28804,0,302275
63,251382662,4499237001658,Camera Chuyên Dụng Cho Kính Hiển Vi CCD-38MP | Hàng Chính Hãng,camera-chuyen-dung-cho-kinh-hien-vi-ccd-38mp-hang-chinh-hang-p251382662,camera-chuyen-dung-cho-kinh-hien-vi-ccd-38mp-hang-chinh-hang-p251382662.html?itm_campaign=tiki-reco_UNK_DT_UNK_UNK_tiki-listing_UNK_p-category-mpid-listing-v1_202306150600_MD_batched_PID.251382663&itm_medium=CPC&itm_source=tiki-reco&spid=251382663,,,,LABEX,,5450000,0,[],"[{'code': 'delivery_info_badge', 'placement': 'delivery_info', 'text': 'Giao thứ 5, ngày 22/06', 'type': 'delivery_info_badge'}, {'code': 'asa_reward_html_badge', 'placement': 'under_price', 'text': 'Tặng tới 136 ASA (30k ₫)<br/>≈ 0.5% hoàn tiền', 'text_color': '#808089', 'type': 'asa_reward_html'}]",0,0,0,0,0,0,https://salt.tikicdn.com/cache/280x280/ts/product/7f/13/d8/3e99343368e270f7fecc56fca893a7f6.png,280,280,[],False,,False,3171,,,False,False,,,[],,,251382663,,,False,,,,5450000,True,"[{'impression_id': 'thanos-product-ugdmqfxniHp4INZY', 'metadata': {'price': 5450000, 'rating_average': 0, 'reviews_count': 0, 'seller_product_id': 251382663}, 'checksum': ''}, {'impression_id': 'ceaa9f0e-0272-480e-84bb-b164a58a22be', 'metadata': {'product_id': 3171, 'service_name': 'reco', 'version': 'p_category_mpid_listing_v1_202306150600'}, 'checksum': ''}]",,1,1/2/1801/28794/28804,0,302275
